Record_ID,Date,Location,Crop_Type,Farming_Practice,Soil_Moisture_%,Temperature_C,Humidity_%,Soil_pH,Gas_Sensor_ppm,Energy_Consumption_kWh,Carbon_Emission_kgCO2,Carbon_Saved_kgCO2,Carbon_Credit_Score,Month,Emission_Category
REC0111,2024-04-20,Amravati_Field_2,Sugarcane,Zero Tillage,15.81,31.27,57.14,6.3,356.47,146.06,39.26,110.74,0.1107,April,Low
REC0245,2024-09-01,Wardha_Field_1,Cotton,Zero Tillage,23.0,30.59,50.26,5.85,529.38,18.82,15.01,134.99,0.135,September,Low
REC0335,2024-11-30,Chandrapur_Farm_C,Wheat,Organic Farming,44.75,27.83,62.23,6.07,471.23,110.26,-6.07,156.07,0.1561,November,Low
REC0440,2025-03-15,Amravati_Field_2,Sugarcane,No-Till,34.44,25.18,71.02,6.57,271.47,104.3,-13.45,163.45,0.1634,March,Low
REC0234,2024-08-21,Bhandara_Field_4,Cotton,Organic Farming,28.48,19.49,98.7,6.29,471.41,84.81,6.03,143.97,0.144,August,Low
REC0251,2024-09-07,Akola_Farm_D,Wheat,Organic Farming,22.39,23.38,64.96,4.61,389.8,190.22,-2.79,152.79,0.1528,September,Low
REC0215,2024-08-02,Bhandara_Field_4,Maize,Zero Tillage,31.85,27.81,55.58,6.13,362.4,134.71,9.01,140.99,0.141,August,Low
REC0278,2024-10-04,Nagpur_Farm_B,Sugarcane,Agroforestry,29.0,26.76,61.88,6.47,308.1,110.34,-1.89,151.89,0.1519,October,Low
REC0048,2024-02-17,Yavatmal_Field_3,Rice,Conventional Tillage,45.57,28.11,36.35,6.71,399.26,121.74,25.88,124.12,0.1241,February,Low
REC0091,2024-03-31,Nagpur_Farm_A,Soybean,Organic Farming,35.97,28.36,58.93,5.75,426.14,169.5,10.34,139.66,0.1397,March,Low
REC0238,2024-08-25,Nagpur_Farm_A,Soybean,Zero Tillage,36.86,32.91,51.7,5.75,323.68,133.69,-3.21,153.21,0.1532,August,Low
REC0243,2024-08-30,Wardha_Field_1,Soybean,Agroforestry,40.05,24.88,51.27,6.55,558.12,121.74,1.09,148.91,0.1489,August,Low
REC0233,2024-08-20,Yavatmal_Field_3,Wheat,Zero Tillage,35.46,30.04,61.88,6.49,242.39,142.52,-6.55,156.55,0.1566,August,Low
REC0271,2024-09-27,Amravati_Field_2,Wheat,Conventional Tillage,35.17,31.54,61.88,6.53,427.81,111.77,1.2,148.8,0.1488,September,Low
REC0475,2025-04-19,Nagpur_Farm_A,Cotton,Conventional Tillage,51.45,25.77,48.23,6.49,424.31,156.45,15.18,134.82,0.1348,April,Low
REC0193,2024-07-11,Yavatmal_Field_3,Wheat,Conventional Tillage,37.14,28.11,50.98,7.11,561.94,118.43,20.29,129.71,0.1297,July,Low
REC0373,2025-01-07,Chandrapur_Farm_C,Cotton,Agroforestry,49.51,28.11,39.42,6.28,412.8,36.52,1.32,148.68,0.1487,January,Low
REC0286,2024-10-12,Akola_Farm_D,Maize,Agroforestry,15.48,33.4,40.03,5.48,436.96,105.92,-3.22,153.22,0.1532,October,Low
REC0342,2024-12-07,Wardha_Field_1,Wheat,Agroforestry,37.44,31.37,60.05,5.18,433.68,121.74,-1.42,151.42,0.1514,December,Low
REC0042,2024-02-11,Nagpur_Farm_A,Soybean,Zero Tillage,36.71,22.35,53.12,7.74,367.26,69.66,16.73,133.27,0.1333,February,Low
REC0035,2024-02-04,Yavatmal_Field_3,Rice,Organic Farming,43.23,24.74,52.75,6.17,484.82,103.31,-3.65,153.65,0.1536,February,Low
REC0118,2024-04-27,Bhandara_Field_4,Wheat,Conventional Tillage,23.31,31.63,59.14,5.97,320.45,121.74,4.06,145.94,0.1459,April,Low
REC0219,2024-08-06,Wardha_Field_1,Sugarcane,Zero Tillage,30.15,26.18,47.47,7.0,567.98,96.31,2.04,147.96,0.148,August,Low
REC0305,2024-10-31,Bhandara_Field_4,Rice,Zero Tillage,34.79,28.11,68.05,5.24,559.65,116.18,7.94,142.06,0.1421,October,Low
REC0430,2025-03-05,Amravati_Field_2,Maize,Zero Tillage,17.41,27.67,55.85,7.87,373.27,159.42,25.06,124.94,0.1249,March,Low
REC0181_R,2024-06-29,Chandrapur_Farm_C,Sugarcane,Conventional Tillage,41.26,31.61,62.7,6.78,384.8,147.17,-22.35,172.35,0.1724,June,Low
REC0224,2024-08-11,Bhandara_Field_4,Soybean,Agroforestry,18.87,31.72,66.21,6.93,385.5,179.27,9.33,140.67,0.1407,August,Low
REC0129,2024-05-08,Chandrapur_Farm_C,Maize,Zero Tillage,36.0,28.28,59.04,6.55,457.23,102.28,13.15,136.85,0.1368,May,Low
REC0441,2025-03-16,Akola_Farm_D,Soybean,Agroforestry,38.84,21.6,69.94,6.72,539.97,159.86,6.83,143.17,0.1432,March,Low
REC0424,2025-02-27,Wardha_Field_1,Sugarcane,Conventional Tillage,44.72,24.5,47.41,6.49,396.52,117.43,10.4,139.6,0.1396,February,Low
REC0434,2025-03-09,Nagpur_Farm_A,Rice,Conventional Tillage,35.17,17.01,51.25,6.43,386.05,158.21,0.08,149.92,0.1499,March,Low
REC0190,2024-07-08,Akola_Farm_D,Sugarcane,Conventional Tillage,19.85,30.22,45.47,6.32,447.08,144.5,-18.68,168.68,0.1687,July,Low
REC0063,2024-03-03,Wardha_Field_1,Wheat,Zero Tillage,23.94,32.36,77.23,6.49,431.24,82.98,3.93,146.07,0.1461,March,Low
REC0066,2024-03-06,Akola_Farm_D,Wheat,No-Till,48.56,25.96,43.2,6.3,353.38,103.68,0.06,149.94,0.1499,March,Low
REC0446,2025-03-21,Bhandara_Field_4,Wheat,No-Till,41.7,22.65,50.23,6.24,421.08,74.09,13.28,136.72,0.1367,March,Low
REC0147,2024-05-26,Chandrapur_Farm_C,Cotton,Conventional Tillage,22.63,14.52,43.56,6.37,271.93,105.18,-3.02,153.02,0.153,May,Low
REC0287,2024-10-13,Nagpur_Farm_A,Rice,Conventional Tillage,33.48,32.17,32.46,6.28,462.67,89.2,12.28,137.72,0.1377,October,Low
REC0247,2024-09-03,Wardha_Field_1,Wheat,No-Till,30.25,28.93,60.51,7.18,328.1,129.65,5.88,144.12,0.1441,September,Low
REC0462,2025-04-06,Chandrapur_Farm_C,Sugarcane,Conventional Tillage,35.35,34.65,41.64,6.7,459.41,95.66,27.82,122.18,0.1222,April,Low
REC0108,2024-04-17,Wardha_Field_1,Soybean,Organic Farming,36.75,21.78,44.2,7.64,451.07,31.78,-12.54,162.54,0.1625,April,Low
REC0032,2024-02-01,Akola_Farm_D,Rice,Organic Farming,53.52,19.69,34.97,5.26,322.12,82.94,0.35,149.65,0.1496,February,Low
REC0268,2024-09-24,Akola_Farm_D,Soybean,Conventional Tillage,20.7,36.85,46.44,6.38,425.57,138.19,-12.32,162.32,0.1623,September,Low
REC0494,2025-05-08,Bhandara_Field_4,Soybean,Conventional Tillage,26.39,24.59,62.77,7.0,515.49,111.51,8.38,141.62,0.1416,May,Low
REC0380,2025-01-14,Yavatmal_Field_3,Soybean,Zero Tillage,26.92,33.94,87.39,5.94,420.82,121.74,4.92,145.08,0.1451,January,Low
REC0423,2025-02-26,Chandrapur_Farm_C,Soybean,No-Till,32.51,28.66,54.53,5.75,381.65,112.21,0.88,149.12,0.1491,February,Low
REC0324,2024-11-19,Bhandara_Field_4,Rice,Agroforestry,55.92,26.19,67.3,6.49,533.96,63.79,-4.15,154.15,0.1542,November,Low
REC0068,2024-03-08,Bhandara_Field_4,Rice,No-Till,45.04,22.96,77.41,6.86,389.26,146.05,2.43,147.57,0.1476,March,Low
REC0134,2024-05-13,Chandrapur_Farm_C,Soybean,No-Till,39.74,25.87,66.8,7.22,447.35,132.45,-17.04,167.04,0.167,May,Low
REC0375,2025-01-09,Amravati_Field_2,Cotton,Conventional Tillage,56.53,27.83,82.07,7.42,489.39,118.76,-8.37,158.37,0.1584,January,Low
REC0293,2024-10-19,Nagpur_Farm_B,Soybean,Agroforestry,29.11,29.36,59.91,6.39,406.83,103.48,8.8,141.2,0.1412,October,Low
REC0262,2024-09-18,Chandrapur_Farm_C,Cotton,Agroforestry,34.4,28.61,61.14,7.02,432.34,87.83,7.4,142.6,0.1426,September,Low
REC0166,2024-06-14,Akola_Farm_D,Maize,Agroforestry,39.13,28.53,96.6,6.48,318.79,65.31,1.49,148.51,0.1485,June,Low
REC0133,2024-05-12,Yavatmal_Field_3,Sugarcane,Agroforestry,24.38,27.21,61.88,6.05,453.83,127.89,7.91,142.09,0.1421,May,Low
REC0272_R,2024-09-28,Nagpur_Farm_B,Maize,Zero Tillage,20.64,25.19,69.14,7.69,361.02,90.14,-13.0,163.0,0.163,September,Low
REC0486,2025-04-30,Nagpur_Farm_B,Wheat,Agroforestry,20.78,22.21,73.99,6.86,468.77,81.6,21.67,128.33,0.1283,April,Low
REC0393,2025-01-27,Yavatmal_Field_3,Maize,Conventional Tillage,21.8,33.33,90.2,6.19,280.28,150.73,11.44,138.56,0.1386,January,Low
REC0284,2024-10-10,Yavatmal_Field_3,Sugarcane,Agroforestry,22.62,31.05,74.35,7.03,321.51,78.32,-0.28,150.28,0.1503,October,Low
REC0315,2024-11-10,Wardha_Field_1,Soybean,Conventional Tillage,48.05,33.16,60.16,6.31,453.27,193.3,-25.74,175.74,0.1757,November,Low
REC0444,2025-03-19,Amravati_Field_2,Soybean,Conventional Tillage,34.11,27.5,40.55,6.26,455.18,112.38,16.58,133.42,0.1334,March,Low
REC0306,2024-11-01,Yavatmal_Field_3,Maize,Zero Tillage,36.17,26.45,46.52,5.39,648.79,48.95,21.3,128.7,0.1287,November,Low
REC0005,2024-01-05,Nagpur_Farm_A,Wheat,Organic Farming,32.66,24.75,70.47,6.38,248.51,76.59,9.24,140.76,0.1408,January,Low
REC0308,2024-11-03,Nagpur_Farm_B,Cotton,No-Till,29.08,25.61,59.86,6.86,385.34,86.68,21.24,128.76,0.1288,November,Low
REC0198,2024-07-16,Amravati_Field_2,Cotton,Organic Farming,36.54,28.11,68.29,6.03,401.53,67.51,-8.49,158.49,0.1585,July,Low
REC0229,2024-08-16,Nagpur_Farm_A,Cotton,Organic Farming,27.85,25.3,74.46,6.76,250.68,90.3,2.31,147.69,0.1477,August,Low
REC0079,2024-03-19,Nagpur_Farm_B,Soybean,Zero Tillage,35.92,20.61,82.51,5.99,388.84,131.23,-0.46,150.46,0.1505,March,Low
REC0299,2024-10-25,Chandrapur_Farm_C,Sugarcane,No-Till,43.13,28.14,61.88,7.25,452.04,105.61,3.84,146.16,0.1462,October,Low
REC0174,2024-06-22,Bhandara_Field_4,Rice,Zero Tillage,38.41,26.14,59.06,5.85,412.14,98.45,10.91,139.09,0.1391,June,Low
REC0459,2025-04-03,Chandrapur_Farm_C,Soybean,Agroforestry,29.46,30.85,79.35,7.24,439.97,165.42,5.68,144.32,0.1443,April,Low
REC0362,2024-12-27,Nagpur_Farm_A,Rice,Zero Tillage,50.33,20.42,68.69,7.07,291.79,139.36,-20.5,170.5,0.1705,December,Low
REC0410,2025-02-13,Nagpur_Farm_B,Maize,Organic Farming,40.14,38.82,56.24,6.6,308.14,121.74,-2.15,152.15,0.1522,February,Low
REC0483,2025-04-27,Nagpur_Farm_B,Wheat,Agroforestry,18.94,23.17,85.9,6.06,399.745,149.3,8.65,141.35,0.1414,April,Low
REC0043,2024-02-12,Nagpur_Farm_A,Rice,Agroforestry,33.84,30.65,61.88,7.66,358.07,111.32,-0.32,150.32,0.1503,February,Low
REC0403,2025-02-06,Amravati_Field_2,Sugarcane,No-Till,35.05,28.14,77.79,7.32,356.27,97.21,4.56,145.44,0.1454,February,Low
REC0006,2024-01-06,Akola_Farm_D,Wheat,Organic Farming,32.66,25.56,65.9,6.18,417.06,86.98,-8.03,158.03,0.158,January,Low
REC0340,2024-12-05,Nagpur_Farm_B,Rice,Agroforestry,29.36,26.93,61.88,6.35,347.17,121.74,-0.34,150.34,0.1503,December,Low
REC0366,2024-12-31,Bhandara_Field_4,Sugarcane,Organic Farming,30.99,26.06,57.62,5.34,522.7,107.69,3.7,146.3,0.1463,December,Low
REC0330,2024-11-25,Akola_Farm_D,Maize,Agroforestry,41.28,26.59,69.0,6.51,467.93,105.34,-16.22,166.22,0.1662,November,Low
REC0018,2024-01-18,Nagpur_Farm_A,Soybean,No-Till,38.14,23.11,52.74,6.94,239.69,31.23,9.44,140.56,0.1406,January,Low
REC0222,2024-08-09,Wardha_Field_1,Rice,Organic Farming,16.33,19.45,64.65,6.32,348.2,99.77,5.81,144.19,0.1442,August,Low
REC0470,2025-04-14,Nagpur_Farm_B,Sugarcane,No-Till,29.24,20.85,66.67,7.29,383.25,130.8,-8.28,158.28,0.1583,April,Low
REC0067,2024-03-07,Chandrapur_Farm_C,Soybean,No-Till,34.28,17.81,40.58,6.55,204.89,80.17,5.17,144.83,0.1448,March,Low
REC0309,2024-11-04,Amravati_Field_2,Rice,No-Till,40.47,34.28,76.29,5.39,442.76,156.62,14.94,135.06,0.1351,November,Low
REC0322,2024-11-17,Wardha_Field_1,Sugarcane,Agroforestry,40.95,35.05,67.95,6.55,462.31,153.81,-3.27,153.27,0.1533,November,Low
REC0431,2025-03-06,Amravati_Field_2,Sugarcane,Agroforestry,23.17,25.22,64.61,5.64,445.17,154.77,15.73,134.27,0.1343,March,Low
REC0041,2024-02-10,Akola_Farm_D,Maize,No-Till,42.38,32.18,85.26,6.48,344.42,91.62,-1.06,151.06,0.1511,February,Low
REC0313,2024-11-08,Yavatmal_Field_3,Cotton,Zero Tillage,43.25,35.23,80.85,7.63,418.41,189.55,13.15,136.85,0.1368,November,Low
REC0364,2024-12-29,Amravati_Field_2,Wheat,Conventional Tillage,39.02,28.11,45.4,6.49,489.02,147.25,11.01,138.99,0.139,December,Low
REC0186,2024-07-04,Nagpur_Farm_B,Maize,No-Till,42.14,31.56,74.11,7.33,522.67,132.65,-0.42,150.42,0.1504,July,Low
REC0173,2024-06-21,Nagpur_Farm_A,Cotton,Organic Farming,34.23,26.29,61.88,6.23,374.41,130.42,3.08,146.92,0.1469,June,Low
REC0120,2024-04-29,Chandrapur_Farm_C,Cotton,Agroforestry,42.52,29.12,75.76,7.3,384.72,178.23,-3.06,153.06,0.1531,April,Low
REC0030,2024-01-30,Nagpur_Farm_B,Wheat,Conventional Tillage,32.08,28.11,44.66,5.72,360.67,74.76,39.12,110.88,0.1109,January,Low
REC0461,2025-04-05,Nagpur_Farm_B,Soybean,No-Till,54.65,31.21,57.92,6.46,406.08,87.02,-9.96,159.96,0.16,April,Low
REC0086,2024-03-26,Wardha_Field_1,Maize,Agroforestry,29.98,29.24,66.45,6.99,302.34,94.97,-0.2,150.2,0.1502,March,Low
REC0294,2024-10-20,Nagpur_Farm_B,Wheat,Organic Farming,43.5,21.62,72.58,6.97,335.34,82.93,-4.11,154.11,0.1541,October,Low
REC0415,2025-02-18,Chandrapur_Farm_C,Sugarcane,Zero Tillage,38.32,27.52,50.35,5.24,481.41,121.74,7.95,142.05,0.142,February,Low
REC0346,2024-12-11,Bhandara_Field_4,Maize,Agroforestry,37.32,30.46,37.73,5.78,487.77,121.74,6.1,143.9,0.1439,December,Low
REC0363,2024-12-28,Bhandara_Field_4,Maize,Zero Tillage,33.91,35.74,61.79,7.06,278.21,75.91,1.33,148.67,0.1487,December,Low
REC0259,2024-09-15,Akola_Farm_D,Wheat,Zero Tillage,39.44,23.71,49.42,7.63,191.66,74.78,15.22,134.78,0.1348,September,Low
REC0143,2024-05-22,Amravati_Field_2,Sugarcane,Zero Tillage,18.93,26.7,57.75,6.44,413.87,86.09,-5.87,155.87,0.1559,May,Low
REC0489,2025-05-03,Amravati_Field_2,Sugarcane,Agroforestry,51.87,26.9,37.12,6.05,402.03,74.79,2.8,147.2,0.1472,May,Low
REC0246,2024-09-02,Nagpur_Farm_B,Wheat,Zero Tillage,31.65,24.37,41.64,6.67,408.35,108.14,-1.96,151.96,0.152,September,Low
REC0160,2024-06-08,Akola_Farm_D,Cotton,Agroforestry,41.57,27.28,55.13,7.3,444.62,142.13,4.87,145.13,0.1451,June,Low
REC0377,2025-01-11,Yavatmal_Field_3,Rice,Zero Tillage,43.72,25.41,49.96,6.11,371.22,82.54,-2.63,152.63,0.1526,January,Low
REC0369,2025-01-03,Bhandara_Field_4,Soybean,No-Till,35.98,31.29,53.35,5.74,310.68,141.39,4.31,145.69,0.1457,January,Low
REC0390,2025-01-24,Akola_Farm_D,Rice,Conventional Tillage,29.23,33.54,48.7,6.49,482.82,135.32,12.66,137.34,0.1373,January,Low
REC0256,2024-09-12,Wardha_Field_1,Soybean,Organic Farming,30.16,28.11,41.86,7.46,429.09,121.74,5.63,144.37,0.1444,September,Low
REC0103,2024-04-12,Wardha_Field_1,Soybean,Agroforestry,31.57,32.35,91.33,6.05,330.43,94.59,-1.29,151.29,0.1513,April,Low
REC0488,2025-05-02,Nagpur_Farm_B,Wheat,Organic Farming,24.18,32.39,33.59,6.86,396.37,123.73,10.05,139.95,0.14,May,Low
REC0202,2024-07-20,Yavatmal_Field_3,Cotton,Zero Tillage,40.61,33.25,53.56,6.84,399.745,163.64,1.26,148.74,0.1487,July,Low
REC0466,2025-04-10,Akola_Farm_D,Maize,No-Till,32.79,35.2,68.83,6.56,470.98,109.65,12.8,137.2,0.1372,April,Low
REC0374,2025-01-08,Akola_Farm_D,Cotton,Zero Tillage,44.59,24.35,35.8,7.05,440.14,96.62,-23.07,173.07,0.1731,January,Low
REC0401,2025-02-04,Wardha_Field_1,Wheat,Agroforestry,19.06,29.84,44.3,6.99,342.26,118.18,-0.72,150.72,0.1507,February,Low
REC0450,2025-03-25,Chandrapur_Farm_C,Wheat,No-Till,24.41,28.11,60.32,6.46,344.76,54.78,11.1,138.9,0.1389,March,Low
REC0371,2025-01-05,Amravati_Field_2,Wheat,No-Till,35.25,27.12,57.41,5.73,387.53,94.51,1.8,148.2,0.1482,January,Low
REC0292,2024-10-18,Bhandara_Field_4,Rice,Conventional Tillage,30.07,29.04,97.39,6.58,478.31,97.7,11.64,138.36,0.1384,October,Low
REC0290,2024-10-16,Wardha_Field_1,Soybean,Organic Farming,28.77,19.7,27.71,6.49,513.79,127.26,11.17,138.83,0.1388,October,Low
REC0359,2024-12-24,Nagpur_Farm_A,Maize,Organic Farming,38.23,28.11,37.82,6.7,257.9,167.19,16.95,133.05,0.133,December,Low
REC0007,2024-01-07,Akola_Farm_D,Soybean,Agroforestry,35.17,25.04,73.43,6.99,400.1,237.96,-3.98,153.98,0.154,January,Low
REC0464,2025-04-08,Nagpur_Farm_A,Wheat,Agroforestry,37.14,31.55,47.24,6.95,300.99,77.74,3.23,146.77,0.1468,April,Low
REC0012,2024-01-12,Nagpur_Farm_B,Rice,Agroforestry,30.34,27.75,62.96,6.36,338.98,141.89,4.71,145.29,0.1453,January,Low
REC0226,2024-08-13,Akola_Farm_D,Sugarcane,Organic Farming,45.89,27.08,58.05,7.26,399.745,120.15,10.59,139.41,0.1394,August,Low
REC0136,2024-05-15,Akola_Farm_D,Maize,Organic Farming,50.5,19.73,74.46,6.22,354.11,162.86,-0.81,150.81,0.1508,May,Low
REC0397,2025-01-31,Nagpur_Farm_B,Soybean,Organic Farming,17.87,27.16,39.79,6.32,326.25,36.64,-14.87,164.87,0.1649,January,Low
REC0274,2024-09-30,Bhandara_Field_4,Soybean,Organic Farming,35.1,32.86,55.25,6.64,402.73,58.06,8.52,141.48,0.1415,September,Low
REC0361,2024-12-26,Chandrapur_Farm_C,Soybean,Organic Farming,40.19,29.01,59.77,6.41,317.65,98.75,4.89,145.11,0.1451,December,Low
REC0093,2024-04-02,Yavatmal_Field_3,Sugarcane,Agroforestry,27.98,30.39,70.91,6.81,449.78,121.74,-5.02,155.02,0.155,April,Low
REC0303,2024-10-29,Akola_Farm_D,Rice,No-Till,42.47,28.48,57.38,6.0,369.28,133.99,-8.19,158.19,0.1582,October,Low
REC0188,2024-07-06,Yavatmal_Field_3,Soybean,Agroforestry,34.27,26.13,56.63,6.64,378.67,58.58,4.47,145.53,0.1455,July,Low
REC0059,2024-02-28,Chandrapur_Farm_C,Wheat,Agroforestry,38.31,29.97,68.15,7.54,421.0,133.11,9.46,140.54,0.1405,February,Low
REC0481,2025-04-25,Chandrapur_Farm_C,Sugarcane,No-Till,33.72,31.93,70.84,5.82,351.53,130.56,20.91,129.09,0.1291,April,Low
REC0275,2024-10-01,Bhandara_Field_4,Cotton,No-Till,25.18,31.11,78.2,5.98,313.02,100.35,-5.69,155.69,0.1557,October,Low
REC0180,2024-06-28,Nagpur_Farm_B,Cotton,Zero Tillage,62.2,34.36,43.45,6.49,400.54,109.46,-20.12,170.12,0.1701,June,Low
REC0169,2024-06-17,Wardha_Field_1,Soybean,Conventional Tillage,32.55,14.75,68.92,7.09,381.28,142.09,24.38,125.62,0.1256,June,Low
REC0102,2024-04-11,Akola_Farm_D,Soybean,No-Till,30.79,23.39,61.88,7.46,327.84,144.79,-11.3,161.3,0.1613,April,Low
REC0384,2025-01-18,Amravati_Field_2,Cotton,Conventional Tillage,29.74,28.11,50.91,6.09,399.745,138.31,17.7,132.3,0.1323,January,Low
REC0465,2025-04-09,Nagpur_Farm_B,Soybean,No-Till,33.88,27.55,51.29,6.89,469.53,168.92,-1.61,151.61,0.1516,April,Low
REC0148,2024-05-27,Nagpur_Farm_B,Maize,Organic Farming,21.8,28.11,38.4,7.19,333.72,63.78,3.59,146.41,0.1464,May,Low
REC0404,2025-02-07,Chandrapur_Farm_C,Sugarcane,No-Till,35.47,34.39,70.78,6.76,378.27,133.18,22.76,127.24,0.1272,February,Low
REC0019,2024-01-19,Akola_Farm_D,Soybean,Conventional Tillage,25.92,28.5,55.19,5.78,450.83,110.81,14.69,135.31,0.1353,January,Low
REC0367,2025-01-01,Chandrapur_Farm_C,Cotton,No-Till,37.24,28.11,59.59,7.22,357.14,86.46,18.81,131.19,0.1312,January,Low
REC0495,2025-05-09,Yavatmal_Field_3,Sugarcane,Organic Farming,50.23,22.99,83.13,6.75,299.48,81.92,-7.05,157.05,0.1571,May,Low
REC0458,2025-04-02,Amravati_Field_2,Wheat,Zero Tillage,24.65,30.28,65.72,8.7,419.15,110.54,3.04,146.96,0.147,April,Low
REC0329,2024-11-24,Akola_Farm_D,Sugarcane,Organic Farming,41.24,25.9,41.85,6.43,455.64,121.74,-2.5,152.5,0.1525,November,Low
REC0319,2024-11-14,Nagpur_Farm_B,Maize,No-Till,38.24,28.11,50.86,6.35,355.34,135.75,5.95,144.05,0.144,November,Low
REC0240_R,2024-08-27,Yavatmal_Field_3,Soybean,Agroforestry,43.52,33.07,84.43,7.7,454.91,154.16,-7.81,157.81,0.1578,August,Low
REC0261,2024-09-17,Wardha_Field_1,Rice,No-Till,25.73,25.12,68.37,7.65,434.94,145.18,4.97,145.03,0.145,September,Low
REC0081,2024-03-21,Chandrapur_Farm_C,Soybean,Zero Tillage,32.8,29.69,54.77,6.64,400.04,134.88,5.95,144.05,0.144,March,Low
REC0047,2024-02-16,Nagpur_Farm_A,Wheat,Organic Farming,30.39,28.11,69.78,5.8,400.02,64.9,15.81,134.19,0.1342,February,Low
REC0163,2024-06-11,Chandrapur_Farm_C,Sugarcane,Zero Tillage,46.59,27.84,39.16,5.01,439.86,143.89,-7.22,157.22,0.1572,June,Low
REC0094,2024-04-03,Yavatmal_Field_3,Sugarcane,Conventional Tillage,31.72,29.67,60.78,7.13,308.89,122.32,-5.76,155.76,0.1558,April,Low
REC0426,2025-03-01,Yavatmal_Field_3,Maize,Conventional Tillage,48.69,20.38,30.5,5.86,441.14,130.09,-3.77,153.77,0.1538,March,Low
REC0082,2024-03-22,Nagpur_Farm_B,Maize,Organic Farming,35.17,25.92,54.76,7.3,448.1,121.74,-2.57,152.57,0.1526,March,Low
REC0331,2024-11-26,Bhandara_Field_4,Soybean,Conventional Tillage,34.88,21.28,82.96,7.0,376.48,51.85,39.27,110.73,0.1107,November,Low
REC0161,2024-06-09,Nagpur_Farm_A,Soybean,Conventional Tillage,25.25,25.13,61.88,7.42,311.08,72.98,-20.23,170.23,0.1702,June,Low
REC0498,2025-05-12,Akola_Farm_D,Soybean,Agroforestry,33.1,31.2,78.13,5.88,377.62,70.33,2.72,147.28,0.1473,May,Low
REC0420,2025-02-23,Wardha_Field_1,Rice,Zero Tillage,35.68,28.97,67.62,6.17,293.88,121.74,2.75,147.25,0.1472,February,Low
REC0414,2025-02-17,Nagpur_Farm_B,Cotton,Conventional Tillage,47.78,35.89,92.48,6.85,326.6,150.32,37.28,112.72,0.1127,February,Low
REC0258,2024-09-14,Nagpur_Farm_A,Rice,Organic Farming,27.92,28.92,66.29,7.17,366.34,89.67,1.25,148.75,0.1488,September,Low
REC0140,2024-05-19,Bhandara_Field_4,Maize,Zero Tillage,22.69,28.11,70.52,5.75,282.6,135.92,33.06,116.94,0.1169,May,Low
REC0107,2024-04-16,Nagpur_Farm_A,Sugarcane,Organic Farming,53.86,24.13,69.19,6.59,327.95,121.74,3.25,146.75,0.1468,April,Low
REC0411,2025-02-14,Yavatmal_Field_3,Maize,Zero Tillage,42.12,26.46,79.92,7.71,399.745,98.59,-7.1,157.1,0.1571,February,Low
REC0316,2024-11-11,Bhandara_Field_4,Rice,Agroforestry,35.21,20.57,40.32,5.88,433.73,152.57,1.29,148.71,0.1487,November,Low
REC0336,2024-12-01,Amravati_Field_2,Maize,Agroforestry,33.53,29.17,54.94,6.75,446.02,108.01,-7.34,157.34,0.1573,December,Low
REC0442,2025-03-17,Akola_Farm_D,Maize,Agroforestry,34.67,28.11,77.6,6.23,510.52,101.34,10.26,139.74,0.1397,March,Low
REC0225,2024-08-12,Amravati_Field_2,Soybean,Conventional Tillage,35.17,28.85,57.22,5.85,348.05,198.5,8.05,141.95,0.142,August,Low
REC0096,2024-04-05,Akola_Farm_D,Maize,Organic Farming,20.36,28.11,58.79,5.79,393.94,30.12,13.79,136.21,0.1362,April,Low
REC0123,2024-05-02,Wardha_Field_1,Cotton,Agroforestry,49.03,37.41,69.58,7.14,398.46,123.35,6.69,143.31,0.1433,May,Low
REC0024,2024-01-24,Nagpur_Farm_A,Cotton,No-Till,35.17,30.85,92.13,5.83,295.29,107.46,-7.94,157.94,0.1579,January,Low
REC0165,2024-06-13,Bhandara_Field_4,Soybean,No-Till,44.63,24.44,75.34,7.41,526.44,138.53,11.83,138.17,0.1382,June,Low
REC0014,2024-01-14,Akola_Farm_D,Sugarcane,Organic Farming,15.87,23.46,49.66,5.19,324.81,109.8,-17.67,167.67,0.1677,January,Low
REC0062,2024-03-02,Chandrapur_Farm_C,Rice,Zero Tillage,33.14,38.38,17.27,5.98,389.01,123.43,25.42,124.58,0.1246,March,Low
REC0400,2025-02-03,Chandrapur_Farm_C,Soybean,Zero Tillage,47.38,23.92,50.15,6.49,405.55,131.49,-7.0,157.0,0.157,February,Low
REC0040,2024-02-09,Yavatmal_Field_3,Soybean,Conventional Tillage,36.97,25.12,75.71,4.49,258.47,122.2,42.05,107.95,0.108,February,Low
REC0396,2025-01-30,Chandrapur_Farm_C,Wheat,Zero Tillage,30.31,31.24,62.77,6.24,284.03,277.05,0.62,149.38,0.1494,January,Low
REC0071,2024-03-11,Yavatmal_Field_3,Rice,No-Till,38.61,28.09,59.3,7.06,477.23,121.53,12.86,137.14,0.1371,March,Low
REC0237,2024-08-24,Yavatmal_Field_3,Sugarcane,No-Till,14.75,29.28,85.17,5.76,401.14,106.59,-1.44,151.44,0.1514,August,Low
REC0395,2025-01-29,Wardha_Field_1,Cotton,Conventional Tillage,46.79,34.91,54.52,6.44,393.32,140.33,-3.5,153.5,0.1535,January,Low
REC0099,2024-04-08,Akola_Farm_D,Wheat,Zero Tillage,35.05,25.78,73.74,6.51,275.7,168.0,20.56,129.44,0.1294,April,Low
REC0389,2025-01-23,Wardha_Field_1,Wheat,Zero Tillage,44.5,30.95,60.48,6.17,471.22,104.6,15.79,134.21,0.1342,January,Low
REC0473,2025-04-17,Bhandara_Field_4,Soybean,Conventional Tillage,19.85,32.2,57.99,6.96,337.12,65.27,1.54,148.46,0.1485,April,Low
REC0386,2025-01-20,Chandrapur_Farm_C,Sugarcane,No-Till,36.5,37.23,64.49,6.7,339.32,100.01,-3.95,153.95,0.1539,January,Low
REC0312,2024-11-07,Nagpur_Farm_B,Maize,No-Till,45.99,25.8,72.27,6.6,543.62,94.58,-8.9,158.9,0.1589,November,Low
REC0472,2025-04-16,Akola_Farm_D,Maize,No-Till,11.98,24.59,50.85,4.44,589.11,121.74,30.41,119.59,0.1196,April,Low
REC0285,2024-10-11,Akola_Farm_D,Maize,Organic Farming,56.33,30.8,48.21,6.56,362.85,100.51,-3.13,153.13,0.1531,October,Low
REC0128,2024-05-07,Amravati_Field_2,Maize,Agroforestry,29.34,27.37,48.69,6.49,489.15,147.92,1.07,148.93,0.1489,May,Low
REC0083,2024-03-23,Amravati_Field_2,Cotton,Conventional Tillage,49.78,31.16,61.88,5.79,284.49,117.88,3.97,146.03,0.146,March,Low
REC0295,2024-10-21,Wardha_Field_1,Cotton,Agroforestry,38.57,22.59,61.23,6.65,333.56,118.74,-1.29,151.29,0.1513,October,Low
REC0028,2024-01-28,Nagpur_Farm_B,Soybean,No-Till,38.76,28.11,61.8,7.58,499.12,144.27,4.46,145.54,0.1455,January,Low
REC0090,2024-03-30,Amravati_Field_2,Sugarcane,Organic Farming,40.13,23.72,57.05,6.56,516.2,117.46,-9.6,159.6,0.1596,March,Low
REC0427,2025-03-02,Chandrapur_Farm_C,Maize,Agroforestry,25.35,25.21,90.84,6.49,445.76,115.35,9.5,140.5,0.1405,March,Low
REC0074,2024-03-14,Nagpur_Farm_B,Wheat,No-Till,50.65,26.9,40.76,5.55,415.79,117.99,-14.2,164.2,0.1642,March,Low
REC0343,2024-12-08,Wardha_Field_1,Rice,Organic Farming,37.45,22.39,66.55,6.12,439.36,179.08,17.89,132.11,0.1321,December,Low
REC0321,2024-11-16,Chandrapur_Farm_C,Sugarcane,Agroforestry,35.97,25.41,60.85,6.41,435.16,108.84,-7.34,157.34,0.1573,November,Low
REC0172,2024-06-20,Chandrapur_Farm_C,Soybean,Conventional Tillage,26.84,17.63,64.22,6.49,393.92,143.28,-2.85,152.85,0.1528,June,Low
REC0162,2024-06-10,Akola_Farm_D,Soybean,Zero Tillage,42.87,25.27,94.36,6.42,419.72,121.74,-13.39,163.39,0.1634,June,Low
REC0070,2024-03-10,Amravati_Field_2,Wheat,Zero Tillage,28.55,26.24,65.2,6.13,474.1,110.62,35.12,114.88,0.1149,March,Low
REC0250,2024-09-06,Amravati_Field_2,Maize,Zero Tillage,39.05,20.97,36.66,7.2,473.73,121.74,2.57,147.43,0.1474,September,Low
REC0092,2024-04-01,Nagpur_Farm_A,Soybean,Organic Farming,44.69,25.61,59.44,4.46,424.04,101.71,-0.9,150.9,0.1509,April,Low
REC0039,2024-02-08,Bhandara_Field_4,Maize,Agroforestry,21.72,33.03,63.37,5.68,397.95,70.17,3.73,146.27,0.1463,February,Low
REC0345,2024-12-10,Akola_Farm_D,Wheat,Agroforestry,30.29,28.83,74.24,6.61,227.73,128.67,3.3,146.7,0.1467,December,Low
REC0438,2025-03-13,Yavatmal_Field_3,Wheat,Organic Farming,21.2,31.54,84.11,6.83,466.08,110.82,20.96,129.04,0.129,March,Low
REC0126,2024-05-05,Wardha_Field_1,Sugarcane,Zero Tillage,56.9,28.11,61.88,7.26,443.77,85.56,2.98,147.02,0.147,May,Low
REC0269,2024-09-25,Yavatmal_Field_3,Rice,Zero Tillage,30.6,24.87,61.88,6.59,359.67,99.34,10.76,139.24,0.1392,September,Low
REC0348,2024-12-13,Akola_Farm_D,Soybean,Zero Tillage,20.93,40.28,74.01,5.89,330.98,86.51,11.98,138.02,0.138,December,Low
REC0205,2024-07-23,Nagpur_Farm_B,Soybean,No-Till,21.22,20.22,60.73,6.79,323.49,129.97,16.76,133.24,0.1332,July,Low
REC0476,2025-04-20,Chandrapur_Farm_C,Rice,Organic Farming,32.51,18.55,61.88,6.23,457.73,124.23,3.75,146.25,0.1462,April,Low
REC0060,2024-02-29,Akola_Farm_D,Cotton,No-Till,44.76,25.9,61.88,6.31,415.49,156.97,6.41,143.59,0.1436,February,Low
REC0121,2024-04-30,Nagpur_Farm_A,Sugarcane,Agroforestry,42.91,28.11,76.58,6.58,593.01,148.18,-3.27,153.27,0.1533,April,Low
REC0013,2024-01-13,Akola_Farm_D,Soybean,Conventional Tillage,37.42,28.11,91.13,6.0,338.47,141.96,-10.89,160.89,0.1609,January,Low
REC0425,2025-02-28,Yavatmal_Field_3,Soybean,No-Till,41.45,33.98,44.33,7.95,277.51,121.74,-20.0,170.0,0.17,February,Low
REC0257,2024-09-13,Nagpur_Farm_A,Maize,No-Till,47.67,30.47,85.09,6.4,470.95,127.8,-3.18,153.18,0.1532,September,Low
REC0463,2025-04-07,Nagpur_Farm_B,Maize,No-Till,28.0,28.98,56.86,6.86,438.58,98.84,-3.99,153.99,0.154,April,Low
REC0418,2025-02-21,Yavatmal_Field_3,Sugarcane,Agroforestry,36.16,28.93,64.03,6.07,427.25,146.75,3.25,146.75,0.1468,February,Low
REC0158,2024-06-06,Akola_Farm_D,Soybean,No-Till,39.74,27.88,93.79,7.42,374.58,155.61,16.8,133.2,0.1332,June,Low
REC0433,2025-03-08,Amravati_Field_2,Sugarcane,No-Till,32.31,20.76,72.91,6.17,398.12,84.43,-3.01,153.01,0.153,March,Low
REC0214,2024-08-01,Yavatmal_Field_3,Cotton,Organic Farming,41.51,30.0,73.42,7.09,363.83,64.03,-6.57,156.57,0.1566,August,Low
REC0187,2024-07-05,Wardha_Field_1,Cotton,Zero Tillage,39.73,28.11,45.26,6.17,286.08,138.77,9.6,140.4,0.1404,July,Low
REC0356,2024-12-21,Chandrapur_Farm_C,Rice,Agroforestry,35.17,25.15,21.13,6.03,420.9,99.47,-5.03,155.03,0.155,December,Low
REC0428,2025-03-03,Amravati_Field_2,Cotton,Organic Farming,41.86,29.89,43.45,6.3,395.02,128.59,15.99,134.01,0.134,March,Low
REC0447,2025-03-22,Amravati_Field_2,Soybean,Conventional Tillage,38.67,20.37,52.07,6.76,423.54,123.41,5.88,144.12,0.1441,March,Low
REC0412,2025-02-15,Bhandara_Field_4,Soybean,No-Till,23.75,29.1,68.34,8.06,523.03,134.34,13.39,136.61,0.1366,February,Low
REC0242,2024-08-29,Akola_Farm_D,Cotton,Zero Tillage,35.17,21.6,56.95,6.38,446.75,121.74,3.85,146.15,0.1462,August,Low
REC0492,2025-05-06,Bhandara_Field_4,Cotton,Conventional Tillage,49.8,17.79,98.37,7.03,344.82,144.08,-8.19,158.19,0.1582,May,Low
REC0208,2024-07-26,Nagpur_Farm_B,Sugarcane,No-Till,40.14,36.77,50.06,7.83,428.45,120.96,13.66,136.34,0.1363,July,Low
REC0376,2025-01-10,Chandrapur_Farm_C,Soybean,No-Till,27.33,36.97,56.86,7.48,515.88,83.61,26.01,123.99,0.124,January,Low
REC0239,2024-08-26,Amravati_Field_2,Rice,Conventional Tillage,35.17,36.33,68.53,7.17,399.745,182.17,6.91,143.09,0.1431,August,Low
REC0209,2024-07-27,Bhandara_Field_4,Soybean,No-Till,40.15,17.59,38.96,6.41,374.96,105.94,-8.26,158.26,0.1583,July,Low
REC0089,2024-03-29,Nagpur_Farm_B,Soybean,Organic Farming,29.7,32.15,56.11,5.92,363.74,88.0,4.86,145.14,0.1451,March,Low
REC0351,2024-12-16,Yavatmal_Field_3,Soybean,Organic Farming,38.11,24.88,42.45,6.05,484.79,98.07,-6.82,156.82,0.1568,December,Low
REC0132,2024-05-11,Bhandara_Field_4,Rice,Agroforestry,35.69,28.11,66.33,5.91,401.57,138.53,10.35,139.65,0.1396,May,Low
REC0125,2024-05-04,Nagpur_Farm_A,Soybean,Conventional Tillage,40.87,35.97,84.5,7.81,401.8,136.39,-27.77,177.77,0.1778,May,Low
REC0175,2024-06-23,Wardha_Field_1,Rice,Zero Tillage,37.77,20.96,48.69,7.63,333.19,121.74,-13.67,163.67,0.1637,June,Low
REC0344,2024-12-09,Akola_Farm_D,Sugarcane,Conventional Tillage,29.93,29.91,77.86,6.49,357.92,73.29,29.26,120.74,0.1207,December,Low
REC0192,2024-07-10,Yavatmal_Field_3,Rice,Conventional Tillage,43.56,28.11,39.99,6.17,436.97,110.24,12.42,137.58,0.1376,July,Low
REC0015,2024-01-15,Amravati_Field_2,Wheat,Zero Tillage,17.75,25.12,86.04,6.44,466.36,114.98,5.97,144.03,0.144,January,Low
REC0436,2025-03-11,Wardha_Field_1,Maize,Conventional Tillage,35.74,25.49,64.24,5.45,370.44,178.91,32.18,117.82,0.1178,March,Low
REC0069,2024-03-09,Wardha_Field_1,Soybean,No-Till,38.62,18.65,52.98,5.41,513.82,154.34,15.21,134.79,0.1348,March,Low
REC0124,2024-05-03,Nagpur_Farm_B,Sugarcane,No-Till,20.98,34.73,42.85,6.03,378.97,176.42,13.47,136.53,0.1365,May,Low
REC0139,2024-05-18,Amravati_Field_2,Rice,Conventional Tillage,43.14,21.55,68.96,7.94,300.87,78.7,-20.99,170.99,0.171,May,Low
REC0112,2024-04-21,Wardha_Field_1,Soybean,Organic Farming,34.73,27.72,63.26,5.41,386.98,74.49,3.08,146.92,0.1469,April,Low
REC0052,2024-02-21,Chandrapur_Farm_C,Wheat,Conventional Tillage,31.15,27.22,65.94,6.36,330.63,121.74,10.64,139.36,0.1394,February,Low
REC0387,2025-01-21,Chandrapur_Farm_C,Rice,No-Till,38.42,28.11,79.53,5.93,381.57,98.95,-7.26,157.26,0.1573,January,Low
REC0113,2024-04-22,Bhandara_Field_4,Rice,Zero Tillage,35.17,29.4,73.05,7.12,403.27,111.94,-3.25,153.25,0.1532,April,Low
REC0010,2024-01-10,Bhandara_Field_4,Cotton,Zero Tillage,40.43,23.85,51.97,7.53,475.01,121.74,-11.52,161.52,0.1615,January,Low
REC0020,2024-01-20,Yavatmal_Field_3,Cotton,Conventional Tillage,20.88,31.76,66.36,7.8,300.86,85.94,15.42,134.58,0.1346,January,Low
REC0017,2024-01-17,Amravati_Field_2,Wheat,Conventional Tillage,24.87,30.5,50.23,7.56,378.84,123.44,13.49,136.51,0.1365,January,Low
REC0248,2024-09-04,Nagpur_Farm_A,Soybean,Zero Tillage,28.47,24.22,48.45,6.85,293.57,73.96,1.02,148.98,0.149,September,Low
REC0296,2024-10-22,Wardha_Field_1,Soybean,Conventional Tillage,28.07,33.27,58.52,5.97,441.8,86.06,8.18,141.82,0.1418,October,Low
REC0001,2024-01-01,Yavatmal_Field_3,Rice,Zero Tillage,39.97,32.63,80.99,7.04,345.99,142.82,5.13,144.87,0.1449,January,Low
REC0383,2025-01-17,Chandrapur_Farm_C,Cotton,Organic Farming,13.76,28.11,92.36,5.64,427.5,95.73,14.18,135.82,0.1358,January,Low
REC0106,2024-04-15,Wardha_Field_1,Soybean,Zero Tillage,39.04,37.38,44.4,5.83,531.41,112.62,12.56,137.44,0.1374,April,Low
REC0206,2024-07-24,Akola_Farm_D,Soybean,Conventional Tillage,25.62,28.11,60.61,6.33,437.79,161.8,34.55,115.45,0.1154,July,Low
REC0327,2024-11-22,Amravati_Field_2,Wheat,Agroforestry,46.58,35.9,45.91,5.74,312.66,169.88,-5.0,155.0,0.155,November,Low
REC0409,2025-02-12,Amravati_Field_2,Sugarcane,No-Till,36.2,31.23,55.16,5.66,464.91,102.0,-14.28,164.28,0.1643,February,Low
REC0231,2024-08-18,Chandrapur_Farm_C,Soybean,No-Till,27.7,28.98,51.64,6.34,345.23,169.23,14.62,135.38,0.1354,August,Low
REC0352,2024-12-17,Akola_Farm_D,Sugarcane,Zero Tillage,49.75,25.22,32.97,7.74,449.36,153.33,2.89,147.11,0.1471,December,Low
REC0480,2025-04-24,Akola_Farm_D,Maize,Zero Tillage,46.2,31.8,53.44,6.78,455.43,127.99,-5.14,155.14,0.1551,April,Low
REC0151,2024-05-30,Chandrapur_Farm_C,Soybean,Organic Farming,37.5,37.24,45.13,6.91,385.93,83.69,-20.21,170.21,0.1702,May,Low
REC0497,2025-05-11,Chandrapur_Farm_C,Maize,Zero Tillage,24.63,36.99,90.92,6.48,377.68,130.31,2.97,147.03,0.147,May,Low
REC0164,2024-06-12,Nagpur_Farm_B,Rice,Agroforestry,26.79,25.28,35.32,6.07,491.21,82.07,1.8,148.2,0.1482,June,Low
REC0168,2024-06-16,Amravati_Field_2,Maize,Agroforestry,53.97,35.52,68.46,6.15,299.39,70.7,1.06,148.94,0.1489,June,Low
REC0273,2024-09-29,Chandrapur_Farm_C,Maize,No-Till,46.63,31.16,43.62,6.06,345.94,112.93,3.73,146.27,0.1463,September,Low
REC0207,2024-07-25,Bhandara_Field_4,Soybean,Agroforestry,40.15,21.6,49.47,6.97,518.73,125.8,3.89,146.11,0.1461,July,Low
REC0189,2024-07-07,Chandrapur_Farm_C,Wheat,Agroforestry,26.53,28.11,61.88,6.7,365.66,150.27,4.28,145.72,0.1457,July,Low
REC0146,2024-05-25,Amravati_Field_2,Soybean,Zero Tillage,42.82,26.64,60.23,6.8,519.19,88.61,-7.65,157.65,0.1577,May,Low
REC0301,2024-10-27,Chandrapur_Farm_C,Soybean,Organic Farming,26.71,28.11,49.98,7.83,484.16,127.35,13.64,136.36,0.1364,October,Low
REC0437,2025-03-12,Wardha_Field_1,Sugarcane,Organic Farming,51.29,22.89,56.27,6.68,389.48,95.84,-9.12,159.12,0.1591,March,Low
REC0379,2025-01-13,Bhandara_Field_4,Soybean,Conventional Tillage,56.9,27.92,50.92,5.32,366.92,131.69,28.69,121.31,0.1213,January,Low
REC0398,2025-02-01,Chandrapur_Farm_C,Soybean,Zero Tillage,48.54,28.73,45.43,7.62,319.68,188.99,-3.83,153.83,0.1538,February,Low
REC0445,2025-03-20,Nagpur_Farm_A,Cotton,Organic Farming,35.17,37.23,66.0,6.94,359.76,132.96,23.44,126.56,0.1266,March,Low
REC0332,2024-11-27,Nagpur_Farm_B,Wheat,Zero Tillage,26.03,23.41,78.28,6.66,394.27,83.02,-7.61,157.61,0.1576,November,Low
REC0347,2024-12-12,Akola_Farm_D,Cotton,No-Till,20.52,28.11,21.69,7.39,361.69,96.45,28.42,121.58,0.1216,December,Low
REC0413,2025-02-16,Bhandara_Field_4,Maize,Conventional Tillage,35.17,28.11,66.84,6.95,310.2,90.76,33.28,116.72,0.1167,February,Low
REC0176,2024-06-24,Yavatmal_Field_3,Soybean,Agroforestry,43.27,24.11,55.79,6.27,399.745,41.49,0.87,149.13,0.1491,June,Low
REC0485,2025-04-29,Amravati_Field_2,Soybean,No-Till,27.44,27.98,61.88,7.17,356.04,53.8,11.28,138.72,0.1387,April,Low
REC0230,2024-08-17,Wardha_Field_1,Cotton,No-Till,35.17,24.11,93.16,7.79,480.6,100.59,5.66,144.34,0.1443,August,Low
REC0307,2024-11-02,Bhandara_Field_4,Sugarcane,Agroforestry,47.78,29.11,60.42,6.69,448.54,116.78,-5.53,155.53,0.1555,November,Low
REC0484,2025-04-28,Wardha_Field_1,Sugarcane,Organic Farming,37.03,27.76,54.01,7.1,338.67,131.55,-6.68,156.68,0.1567,April,Low
REC0325,2024-11-20,Yavatmal_Field_3,Cotton,No-Till,24.94,25.77,60.97,6.62,399.55,117.9,23.64,126.36,0.1264,November,Low
REC0101,2024-04-10,Wardha_Field_1,Wheat,Zero Tillage,20.85,31.78,74.97,6.49,430.11,44.94,1.57,148.43,0.1484,April,Low
REC0291,2024-10-17,Amravati_Field_2,Cotton,Agroforestry,32.92,30.15,65.83,5.19,539.11,143.8,12.18,137.82,0.1378,October,Low
REC0443,2025-03-18,Nagpur_Farm_A,Wheat,Agroforestry,14.33,31.25,62.72,6.69,296.62,145.62,5.44,144.56,0.1446,March,Low
REC0054,2024-02-23,Wardha_Field_1,Maize,Organic Farming,41.12,29.27,63.91,5.92,375.7,121.74,3.8,146.2,0.1462,February,Low
REC0228,2024-08-15,Nagpur_Farm_A,Maize,Zero Tillage,24.22,29.74,57.79,7.07,351.97,173.66,-2.48,152.48,0.1525,August,Low
REC0155,2024-06-03,Yavatmal_Field_3,Cotton,No-Till,35.17,40.87,84.63,6.74,299.19,93.69,23.14,126.86,0.1269,June,Low
REC0252,2024-09-08,Yavatmal_Field_3,Cotton,Zero Tillage,44.18,21.24,72.5,6.97,520.89,182.92,-14.91,164.91,0.1649,September,Low
REC0276,2024-10-02,Akola_Farm_D,Cotton,Agroforestry,39.62,20.15,62.13,5.58,313.13,121.74,-3.36,153.36,0.1534,October,Low
REC0159,2024-06-07,Wardha_Field_1,Sugarcane,Conventional Tillage,23.09,28.11,74.73,5.8,502.53,126.87,-35.53,185.53,0.1855,June,Low
REC0045,2024-02-14,Nagpur_Farm_B,Wheat,No-Till,20.21,15.64,57.41,6.08,334.21,217.07,26.18,123.82,0.1238,February,Low
REC0114,2024-04-23,Nagpur_Farm_B,Rice,No-Till,59.63,22.37,67.44,6.45,319.83,119.74,-4.54,154.54,0.1545,April,Low
REC0350,2024-12-15,Akola_Farm_D,Rice,No-Till,35.17,25.35,56.63,6.8,368.64,121.74,-13.92,163.92,0.1639,December,Low
REC0212,2024-07-30,Nagpur_Farm_B,Cotton,No-Till,46.36,27.52,49.61,6.42,448.36,181.29,-18.71,168.71,0.1687,July,Low
REC0109,2024-04-18,Wardha_Field_1,Maize,Agroforestry,37.58,19.11,61.88,6.73,373.71,155.88,3.07,146.93,0.1469,April,Low
REC0170,2024-06-18,Akola_Farm_D,Sugarcane,Agroforestry,27.46,33.46,72.8,6.88,437.31,145.03,6.79,143.21,0.1432,June,Low
REC0080,2024-03-20,Akola_Farm_D,Soybean,No-Till,15.12,33.72,61.88,5.93,363.98,190.34,-2.72,152.72,0.1527,March,Low
REC0051,2024-02-20,Yavatmal_Field_3,Maize,Agroforestry,38.24,28.43,50.62,6.43,466.01,56.56,4.99,145.01,0.145,February,Low
REC0085,2024-03-25,Yavatmal_Field_3,Rice,Agroforestry,26.92,28.91,65.73,6.8,355.96,163.86,-0.67,150.67,0.1507,March,Low
REC0009,2024-01-09,Chandrapur_Farm_C,Rice,Agroforestry,30.31,28.24,75.74,6.49,452.74,65.96,1.41,148.59,0.1486,January,Low
REC0033,2024-02-02,Nagpur_Farm_A,Maize,No-Till,34.87,27.67,65.99,6.73,438.11,142.22,18.62,131.38,0.1314,February,Low
REC0100,2024-04-09,Akola_Farm_D,Maize,Conventional Tillage,32.65,29.89,65.2,5.99,465.43,100.32,21.57,128.43,0.1284,April,Low
REC0478,2025-04-22,Akola_Farm_D,Wheat,Agroforestry,38.11,15.88,66.29,7.16,516.26,86.15,12.05,137.95,0.138,April,Low
REC0452,2025-03-27,Akola_Farm_D,Soybean,No-Till,44.55,29.76,61.88,7.38,333.45,151.1,-2.08,152.08,0.1521,March,Low
REC0223,2024-08-10,Nagpur_Farm_A,Maize,Conventional Tillage,41.86,21.26,69.51,7.02,459.54,77.64,17.58,132.42,0.1324,August,Low
REC0029,2024-01-29,Yavatmal_Field_3,Cotton,Organic Farming,28.99,29.3,69.2,6.16,416.77,202.26,-1.97,151.97,0.152,January,Low
REC0288,2024-10-14,Nagpur_Farm_A,Soybean,Organic Farming,40.88,30.3,67.62,5.97,379.88,68.16,-3.87,153.87,0.1539,October,Low
REC0408,2025-02-11,Akola_Farm_D,Wheat,No-Till,33.58,31.73,82.52,5.71,466.38,74.8,3.0,147.0,0.147,February,Low
REC0056,2024-02-25,Yavatmal_Field_3,Maize,Organic Farming,44.31,25.94,49.93,6.76,334.46,141.39,11.57,138.43,0.1384,February,Low
REC0157,2024-06-05,Bhandara_Field_4,Maize,No-Till,53.66,28.07,61.88,6.62,369.98,76.32,7.63,142.37,0.1424,June,Low
REC0429,2025-03-04,Yavatmal_Field_3,Rice,No-Till,45.58,35.83,56.68,7.27,489.95,183.12,1.1,148.9,0.1489,March,Low
REC0451,2025-03-26,Amravati_Field_2,Rice,No-Till,34.37,26.79,64.63,5.26,326.7,168.24,9.69,140.31,0.1403,March,Low
REC0311,2024-11-06,Nagpur_Farm_B,Maize,Conventional Tillage,32.82,27.07,59.62,6.16,374.35,115.33,-1.33,151.33,0.1513,November,Low
REC0049,2024-02-18,Nagpur_Farm_A,Sugarcane,Organic Farming,38.44,29.86,82.15,7.04,373.77,121.74,17.12,132.88,0.1329,February,Low
REC0454,2025-03-29,Wardha_Field_1,Wheat,Zero Tillage,40.04,35.22,99.03,6.04,342.74,180.84,1.68,148.32,0.1483,March,Low
REC0496,2025-05-10,Akola_Farm_D,Cotton,Agroforestry,40.39,26.59,90.09,7.25,465.06,123.1,0.86,149.14,0.1491,May,Low
REC0034,2024-02-03,Yavatmal_Field_3,Soybean,Conventional Tillage,24.42,21.94,69.71,6.4,440.44,83.25,1.6,148.4,0.1484,February,Low
REC0036,2024-02-05,Wardha_Field_1,Wheat,Conventional Tillage,22.79,28.24,83.61,5.38,620.77,108.2,12.24,137.76,0.1378,February,Low
REC0064,2024-03-04,Chandrapur_Farm_C,Wheat,Conventional Tillage,23.04,26.37,33.9,7.12,391.74,130.22,-15.78,165.78,0.1658,March,Low
REC0439,2025-03-14,Yavatmal_Field_3,Soybean,Zero Tillage,17.97,29.22,67.36,7.26,365.06,54.42,-2.72,152.72,0.1527,March,Low
REC0323,2024-11-18,Nagpur_Farm_B,Maize,Zero Tillage,26.82,39.49,58.94,6.34,436.62,118.04,6.58,143.42,0.1434,November,Low
REC0402,2025-02-05,Akola_Farm_D,Wheat,Zero Tillage,29.01,26.03,68.05,6.27,414.15,103.03,-9.46,159.46,0.1595,February,Low
REC0235,2024-08-22,Yavatmal_Field_3,Wheat,No-Till,56.44,33.15,61.88,7.06,303.11,199.48,10.93,139.07,0.1391,August,Low
REC0300_R,2024-10-26,Yavatmal_Field_3,Wheat,Organic Farming,41.3,28.15,64.83,6.51,279.75,132.04,-11.95,161.95,0.1619,October,Low
REC0046,2024-02-15,Chandrapur_Farm_C,Soybean,Agroforestry,27.8,24.02,73.25,6.83,489.68,137.32,3.74,146.26,0.1463,February,Low
REC0304,2024-10-30,Nagpur_Farm_A,Wheat,Conventional Tillage,41.1,25.69,61.88,5.44,420.02,79.84,-18.56,168.56,0.1686,October,Low
REC0178,2024-06-26,Yavatmal_Field_3,Soybean,Organic Farming,49.54,36.76,58.52,7.56,414.78,57.41,8.12,141.88,0.1419,June,Low
REC0220,2024-08-07,Nagpur_Farm_B,Sugarcane,Conventional Tillage,35.82,27.72,92.18,6.2,380.24,124.94,31.25,118.75,0.1188,August,Low
REC0421,2025-02-24,Akola_Farm_D,Soybean,Conventional Tillage,55.61,33.37,68.07,5.11,483.79,91.25,1.7,148.3,0.1483,February,Low
REC0297,2024-10-23,Wardha_Field_1,Maize,Conventional Tillage,44.0,27.8,73.79,6.28,433.47,142.93,19.13,130.87,0.1309,October,Low
REC0022,2024-01-22,Chandrapur_Farm_C,Cotton,Organic Farming,32.74,28.11,51.39,6.91,422.19,239.41,7.63,142.37,0.1424,January,Low
REC0249,2024-09-05,Amravati_Field_2,Cotton,Organic Farming,52.65,24.94,63.51,6.49,399.745,135.45,11.59,138.41,0.1384,September,Low
REC0326,2024-11-21,Nagpur_Farm_A,Soybean,Zero Tillage,22.86,35.27,30.37,6.81,453.5,188.16,-2.84,152.84,0.1528,November,Low
REC0310,2024-11-05,Nagpur_Farm_A,Soybean,Organic Farming,32.98,23.53,67.12,6.49,471.01,98.02,-8.73,158.73,0.1587,November,Low
REC0200,2024-07-18,Chandrapur_Farm_C,Cotton,No-Till,23.57,27.08,80.46,6.63,439.03,173.16,10.29,139.71,0.1397,July,Low
REC0138,2024-05-17,Yavatmal_Field_3,Rice,Agroforestry,31.78,28.37,41.59,6.8,523.92,157.65,0.95,149.05,0.1491,May,Low
REC0025,2024-01-25,Nagpur_Farm_A,Cotton,Agroforestry,29.56,24.18,85.91,6.24,158.44,156.87,-5.04,155.04,0.155,January,Low
REC0185,2024-07-03,Amravati_Field_2,Soybean,Conventional Tillage,32.77,21.89,45.16,5.67,223.05,133.4,18.37,131.63,0.1316,July,Low
REC0135,2024-05-14,Bhandara_Field_4,Sugarcane,No-Till,25.81,22.94,56.34,6.27,371.68,188.0,3.68,146.32,0.1463,May,Low
REC0117,2024-04-26,Bhandara_Field_4,Soybean,Conventional Tillage,34.65,28.55,96.05,6.71,381.71,90.63,11.4,138.6,0.1386,April,Low
REC0213,2024-07-31,Amravati_Field_2,Maize,Organic Farming,44.54,25.28,49.22,4.98,470.59,139.99,-10.01,160.01,0.16,July,Low
REC0499,2025-05-13,Wardha_Field_1,Maize,Organic Farming,26.24,25.14,75.36,6.39,463.23,133.37,6.92,143.08,0.1431,May,Low
REC0471,2025-04-15,Yavatmal_Field_3,Cotton,No-Till,32.25,28.64,77.95,6.92,485.84,43.51,13.64,136.36,0.1364,April,Low
REC0365,2024-12-30,Chandrapur_Farm_C,Rice,Organic Farming,41.9,24.94,77.95,7.41,399.745,136.34,4.31,145.69,0.1457,December,Low
REC0232,2024-08-19,Bhandara_Field_4,Wheat,Zero Tillage,37.16,23.11,39.45,6.26,463.25,187.4,1.76,148.24,0.1482,August,Low
REC0218,2024-08-05,Akola_Farm_D,Cotton,Conventional Tillage,32.63,28.75,64.18,6.63,394.71,155.41,23.83,126.17,0.1262,August,Low
REC0057,2024-02-26,Akola_Farm_D,Rice,Conventional Tillage,26.61,25.56,59.62,7.14,361.9,14.57,13.82,136.18,0.1362,February,Low
REC0435,2025-03-10,Akola_Farm_D,Cotton,Conventional Tillage,50.02,30.2,61.88,6.49,418.02,121.74,4.78,145.22,0.1452,March,Low
REC0407,2025-02-10,Yavatmal_Field_3,Wheat,Conventional Tillage,24.32,21.2,38.67,6.49,296.03,103.35,22.36,127.64,0.1276,February,Low
REC0405,2025-02-08,Amravati_Field_2,Rice,Conventional Tillage,30.5,28.96,74.94,6.42,533.88,59.31,34.01,115.99,0.116,February,Low
REC0341,2024-12-06,Wardha_Field_1,Soybean,Conventional Tillage,26.78,27.75,62.41,6.41,455.91,131.82,-15.39,165.39,0.1654,December,Low
REC0182,2024-06-30,Chandrapur_Farm_C,Maize,Organic Farming,26.43,28.11,80.88,6.48,371.4,121.74,7.1,142.9,0.1429,June,Low
REC0098,2024-04-07,Amravati_Field_2,Sugarcane,Organic Farming,37.61,23.11,30.03,7.94,314.25,128.45,-5.96,155.96,0.156,April,Low
REC0115,2024-04-24,Bhandara_Field_4,Sugarcane,Zero Tillage,33.08,40.23,62.26,6.37,459.27,143.95,5.96,144.04,0.144,April,Low
REC0279,2024-10-05,Yavatmal_Field_3,Maize,No-Till,35.7,27.63,62.88,6.2,453.31,117.53,2.35,147.65,0.1476,October,Low
REC0119,2024-04-28,Chandrapur_Farm_C,Maize,Agroforestry,46.43,30.41,63.02,6.2,195.01,138.29,-2.18,152.18,0.1522,April,Low
REC0416,2025-02-19,Yavatmal_Field_3,Wheat,Zero Tillage,27.52,29.4,73.92,6.12,399.745,193.94,-9.54,159.54,0.1595,February,Low
REC0171,2024-06-19,Nagpur_Farm_B,Sugarcane,No-Till,26.1,34.23,71.38,6.33,478.99,92.13,-11.83,161.83,0.1618,June,Low
REC0474,2025-04-18,Wardha_Field_1,Soybean,Organic Farming,48.67,24.74,60.22,6.64,289.52,199.49,4.44,145.56,0.1456,April,Low
REC0055,2024-02-24,Yavatmal_Field_3,Sugarcane,Conventional Tillage,45.31,29.69,51.75,6.49,292.33,85.27,-1.27,151.27,0.1513,February,Low
REC0177,2024-06-25,Nagpur_Farm_B,Soybean,Conventional Tillage,35.13,22.45,34.61,7.35,271.39,133.99,-26.74,176.74,0.1767,June,Low
REC0328,2024-11-23,Wardha_Field_1,Cotton,Agroforestry,42.92,25.39,57.84,6.49,369.03,117.52,2.64,147.36,0.1474,November,Low
REC0195,2024-07-13,Nagpur_Farm_B,Soybean,Agroforestry,36.73,28.11,36.11,6.59,399.745,133.35,-3.41,153.41,0.1534,July,Low
REC0199,2024-07-17,Amravati_Field_2,Rice,No-Till,35.17,32.62,63.36,6.86,348.68,144.88,16.86,133.14,0.1331,July,Low
REC0353,2024-12-18,Bhandara_Field_4,Soybean,Conventional Tillage,43.58,24.81,68.12,5.66,454.69,121.74,-13.02,163.02,0.163,December,Low
REC0183,2024-07-01,Chandrapur_Farm_C,Wheat,Agroforestry,24.29,25.38,61.88,5.87,399.745,106.82,11.76,138.24,0.1382,July,Low
REC0449,2025-03-24,Nagpur_Farm_B,Soybean,Organic Farming,29.86,27.77,78.57,7.29,337.3,112.52,13.32,136.68,0.1367,March,Low
REC0355,2024-12-20,Amravati_Field_2,Soybean,Conventional Tillage,34.81,35.1,51.35,7.2,496.96,121.74,-2.69,152.69,0.1527,December,Low
REC0104,2024-04-13,Akola_Farm_D,Maize,No-Till,26.98,34.78,57.91,5.94,399.745,72.41,3.94,146.06,0.1461,April,Low
REC0221,2024-08-08,Wardha_Field_1,Soybean,No-Till,58.15,29.54,42.19,6.86,371.33,198.17,11.32,138.68,0.1387,August,Low
REC0131,2024-05-10,Nagpur_Farm_B,Soybean,No-Till,19.49,19.54,64.82,6.84,435.08,131.86,13.69,136.31,0.1363,May,Low
REC0354,2024-12-19,Amravati_Field_2,Wheat,Agroforestry,33.4,33.95,71.39,7.14,290.72,128.82,-4.63,154.63,0.1546,December,Low
REC0477,2025-04-21,Chandrapur_Farm_C,Rice,No-Till,40.77,25.74,58.19,7.29,381.53,170.55,-7.69,157.69,0.1577,April,Low
REC0339,2024-12-04,Nagpur_Farm_B,Soybean,Zero Tillage,39.13,32.92,54.18,6.48,400.57,208.75,3.65,146.35,0.1464,December,Low
REC0061,2024-03-01,Yavatmal_Field_3,Cotton,Zero Tillage,30.21,29.45,71.58,6.49,468.07,79.44,10.24,139.76,0.1398,March,Low
REC0095,2024-04-04,Chandrapur_Farm_C,Wheat,Agroforestry,31.08,33.19,70.99,4.85,399.745,153.94,2.33,147.67,0.1477,April,Low
REC0194,2024-07-12,Bhandara_Field_4,Sugarcane,No-Till,22.54,31.08,64.8,5.56,290.95,114.62,7.51,142.49,0.1425,July,Low
REC0141,2024-05-20,Wardha_Field_1,Soybean,Zero Tillage,37.27,26.32,61.88,6.49,413.18,192.37,0.99,149.01,0.149,May,Low
REC0149,2024-05-28,Amravati_Field_2,Cotton,Zero Tillage,40.22,26.85,83.92,7.33,399.745,120.62,-6.67,156.67,0.1567,May,Low
REC0203,2024-07-21,Bhandara_Field_4,Sugarcane,Zero Tillage,45.83,24.48,61.83,6.49,457.58,200.49,4.01,145.99,0.146,July,Low
REC0153,2024-06-01,Akola_Farm_D,Rice,Organic Farming,28.2,26.66,50.42,6.64,401.67,140.43,15.93,134.07,0.1341,June,Low
REC0378,2025-01-12,Akola_Farm_D,Wheat,Organic Farming,36.83,29.12,75.6,6.35,293.92,93.29,2.38,147.62,0.1476,January,Low
REC0468,2025-04-12,Amravati_Field_2,Rice,Organic Farming,42.58,37.0,65.92,6.39,403.04,97.19,-2.91,152.91,0.1529,April,Low
REC0338,2024-12-03,Yavatmal_Field_3,Wheat,Agroforestry,31.79,23.01,55.46,6.58,403.98,185.04,-0.32,150.32,0.1503,December,Low
REC0381,2025-01-15,Nagpur_Farm_B,Sugarcane,Conventional Tillage,26.6,40.63,70.17,7.18,322.9,121.74,18.38,131.62,0.1316,January,Low
REC0448,2025-03-23,Nagpur_Farm_B,Maize,Organic Farming,35.17,24.54,61.88,6.48,381.25,0.35,-3.12,153.12,0.1531,March,Low
REC0011,2024-01-11,Akola_Farm_D,Soybean,Zero Tillage,30.37,28.11,79.76,5.7,271.4,139.27,-3.45,153.45,0.1534,January,Low
REC0270,2024-09-26,Nagpur_Farm_A,Soybean,No-Till,36.31,37.06,78.54,6.89,393.48,112.14,31.56,118.44,0.1184,September,Low
REC0097,2024-04-06,Bhandara_Field_4,Soybean,Agroforestry,37.96,26.65,61.18,6.93,453.64,95.73,2.75,147.25,0.1472,April,Low
REC0211,2024-07-29,Chandrapur_Farm_C,Soybean,Organic Farming,40.71,29.06,41.34,7.27,299.97,87.26,-1.98,151.98,0.152,July,Low
REC0241,2024-08-28,Bhandara_Field_4,Cotton,Conventional Tillage,27.07,18.8,54.31,6.43,408.47,136.59,40.17,109.83,0.1098,August,Low
REC0058,2024-02-27,Bhandara_Field_4,Soybean,No-Till,31.91,25.84,77.59,5.94,469.95,120.14,8.4,141.6,0.1416,February,Low
REC0302,2024-10-28,Akola_Farm_D,Cotton,Agroforestry,29.4,25.42,74.88,6.46,320.16,227.72,-1.44,151.44,0.1514,October,Low
REC0456,2025-03-31,Yavatmal_Field_3,Soybean,Zero Tillage,27.07,33.59,33.59,7.46,518.98,189.89,5.71,144.29,0.1443,March,Low
REC0360,2024-12-25,Akola_Farm_D,Wheat,Agroforestry,35.17,31.16,62.75,6.68,432.69,127.76,8.43,141.57,0.1416,December,Low
REC0037,2024-02-06,Chandrapur_Farm_C,Soybean,Agroforestry,37.09,23.7,41.61,6.86,431.39,159.03,8.19,141.81,0.1418,February,Low
REC0493,2025-05-07,Bhandara_Field_4,Wheat,Agroforestry,35.77,26.76,51.54,7.33,360.55,122.88,-1.56,151.56,0.1516,May,Low
REC0021,2024-01-21,Bhandara_Field_4,Wheat,Zero Tillage,49.66,19.65,67.84,7.35,404.79,127.01,12.44,137.56,0.1376,January,Low
REC0333,2024-11-28,Amravati_Field_2,Maize,Conventional Tillage,35.17,22.98,56.8,7.17,278.57,182.52,17.25,132.75,0.1328,November,Low
REC0076,2024-03-16,Akola_Farm_D,Soybean,Agroforestry,43.22,16.94,52.59,6.48,374.71,75.52,-4.0,154.0,0.154,March,Low
REC0201,2024-07-19,Akola_Farm_D,Soybean,Conventional Tillage,38.58,28.11,61.88,6.75,544.35,135.47,13.3,136.7,0.1367,July,Low
REC0078,2024-03-18,Nagpur_Farm_B,Rice,Agroforestry,32.01,31.85,53.58,7.32,496.31,159.87,7.93,142.07,0.1421,March,Low
REC0264,2024-09-20,Chandrapur_Farm_C,Soybean,Conventional Tillage,24.76,27.52,61.88,5.38,399.745,94.74,34.87,115.13,0.1151,September,Low
REC0204,2024-07-22,Nagpur_Farm_B,Cotton,Zero Tillage,45.54,20.96,68.15,7.28,296.54,160.95,15.93,134.07,0.1341,July,Low
REC0150,2024-05-29,Bhandara_Field_4,Rice,Zero Tillage,37.97,31.48,47.3,8.31,268.54,156.09,1.02,148.98,0.149,May,Low
REC0482,2025-04-26,Bhandara_Field_4,Sugarcane,Conventional Tillage,25.44,30.13,54.41,5.53,537.55,170.89,33.89,116.11,0.1161,April,Low
REC0003,2024-01-03,Nagpur_Farm_B,Sugarcane,Agroforestry,41.48,21.01,60.89,5.93,336.61,106.75,-2.63,152.63,0.1526,January,Low
REC0053,2024-02-22,Yavatmal_Field_3,Sugarcane,Organic Farming,28.23,33.84,67.41,5.89,347.35,194.84,10.48,139.52,0.1395,February,Low
REC0263,2024-09-19,Akola_Farm_D,Cotton,Zero Tillage,2.59,40.8,68.08,6.55,498.86,155.81,1.95,148.05,0.1481,September,Low
REC0254,2024-09-10,Nagpur_Farm_B,Soybean,Organic Farming,45.32,33.27,65.61,5.22,399.03,113.97,-5.45,155.45,0.1554,September,Low
REC0391,2025-01-25,Amravati_Field_2,Soybean,Agroforestry,26.02,32.1,66.9,6.88,252.3,125.65,8.92,141.08,0.1411,January,Low
REC0260,2024-09-16,Nagpur_Farm_B,Soybean,Zero Tillage,42.75,31.5,59.16,7.42,415.92,144.91,-12.6,162.6,0.1626,September,Low
REC0334,2024-11-29,Amravati_Field_2,Rice,Zero Tillage,28.23,24.16,82.36,6.7,371.44,109.04,-9.75,159.75,0.1598,November,Low
REC0370,2025-01-04,Amravati_Field_2,Soybean,Agroforestry,27.27,38.05,46.73,6.21,498.86,169.16,-6.48,156.48,0.1565,January,Low
REC0184,2024-07-02,Akola_Farm_D,Cotton,No-Till,39.82,30.45,36.44,6.73,509.83,149.27,-6.33,156.33,0.1563,July,Low
REC0152,2024-05-31,Nagpur_Farm_B,Cotton,Conventional Tillage,38.46,33.63,27.7,6.73,532.92,180.77,27.16,122.84,0.1228,May,Low
REC0500,2025-05-14,Bhandara_Field_4,Sugarcane,Zero Tillage,21.17,30.86,68.89,5.98,427.2,113.79,10.39,139.61,0.1396,May,Low
REC0417,2025-02-20,Amravati_Field_2,Maize,Organic Farming,50.51,31.04,60.86,5.95,444.12,121.74,0.65,149.35,0.1493,February,Low
REC0191,2024-07-09,Chandrapur_Farm_C,Rice,Agroforestry,30.53,26.2,61.58,6.91,272.15,79.33,4.46,145.54,0.1455,July,Low
REC0075,2024-03-15,Nagpur_Farm_A,Soybean,Conventional Tillage,8.8,32.15,74.94,6.83,350.59,224.83,-20.03,170.03,0.17,March,Low
REC0349,2024-12-14,Akola_Farm_D,Rice,Conventional Tillage,27.82,24.81,39.5,7.18,455.48,95.68,24.29,125.71,0.1257,December,Low
REC0244,2024-08-31,Chandrapur_Farm_C,Maize,Agroforestry,43.66,28.13,44.78,7.31,274.86,142.33,9.71,140.29,0.1403,August,Low
REC0088,2024-03-28,Nagpur_Farm_B,Sugarcane,No-Till,38.29,23.75,63.58,6.24,388.18,111.88,-12.97,162.97,0.163,March,Low
REC0144,2024-05-23,Bhandara_Field_4,Sugarcane,No-Till,36.85,20.48,61.88,6.49,419.52,93.92,9.24,140.76,0.1408,May,Low
REC0460,2025-04-04,Amravati_Field_2,Rice,Zero Tillage,23.02,30.24,70.1,6.66,437.76,75.75,-17.54,167.54,0.1675,April,Low
REC0267,2024-09-23,Bhandara_Field_4,Sugarcane,Organic Farming,51.32,27.83,58.33,8.02,257.71,118.66,-6.37,156.37,0.1564,September,Low
REC0419,2025-02-22,Chandrapur_Farm_C,Maize,Conventional Tillage,46.79,25.77,82.93,6.38,431.26,123.92,14.17,135.83,0.1358,February,Low
REC0289,2024-10-15,Yavatmal_Field_3,Maize,Conventional Tillage,37.81,27.65,43.45,6.72,352.2,101.76,6.07,143.93,0.1439,October,Low
REC0137,2024-05-16,Akola_Farm_D,Soybean,Agroforestry,27.17,32.12,77.84,5.83,408.15,127.63,2.82,147.18,0.1472,May,Low
REC0167,2024-06-15,Bhandara_Field_4,Rice,Zero Tillage,43.22,26.73,80.76,5.8,335.13,153.93,1.52,148.48,0.1485,June,Low
REC0084,2024-03-24,Yavatmal_Field_3,Wheat,Conventional Tillage,29.82,39.35,91.15,6.54,216.31,168.94,17.84,132.16,0.1322,March,Low
REC0487,2025-05-01,Nagpur_Farm_B,Cotton,Agroforestry,28.53,35.52,61.88,7.01,369.03,115.09,7.96,142.04,0.142,May,Low
REC0422,2025-02-25,Nagpur_Farm_B,Rice,Zero Tillage,52.55,22.87,76.09,7.02,493.57,149.8,-5.18,155.18,0.1552,February,Low
REC0156,2024-06-04,Bhandara_Field_4,Maize,Conventional Tillage,27.86,28.3,75.15,6.29,350.69,154.18,23.19,126.81,0.1268,June,Low
REC0357,2024-12-22,Yavatmal_Field_3,Soybean,Zero Tillage,34.81,23.84,51.81,7.47,370.46,91.28,-5.77,155.77,0.1558,December,Low
REC0382,2025-01-16,Akola_Farm_D,Cotton,No-Till,29.01,25.35,52.68,7.63,323.43,35.17,6.2,143.8,0.1438,January,Low
REC0280,2024-10-06,Nagpur_Farm_B,Sugarcane,Agroforestry,31.15,31.1,55.36,6.02,437.01,139.18,-1.64,151.64,0.1516,October,Low
REC0127,2024-05-06,Bhandara_Field_4,Cotton,Conventional Tillage,25.09,23.05,64.54,6.19,305.53,176.13,-23.7,173.7,0.1737,May,Low
REC0196,2024-07-14,Chandrapur_Farm_C,Maize,Conventional Tillage,38.85,26.45,66.61,7.86,347.04,177.25,30.39,119.61,0.1196,July,Low
REC0266,2024-09-22,Amravati_Field_2,Cotton,Organic Farming,22.52,24.48,38.79,5.91,495.4,152.81,11.43,138.57,0.1386,September,Low
REC0105,2024-04-14,Amravati_Field_2,Maize,Agroforestry,33.39,28.11,76.62,6.16,304.85,95.03,2.77,147.23,0.1472,April,Low
REC0154,2024-06-02,Wardha_Field_1,Soybean,Conventional Tillage,37.32,22.47,40.15,6.25,418.46,161.22,17.07,132.93,0.1329,June,Low
REC0283,2024-10-09,Nagpur_Farm_B,Rice,Agroforestry,50.86,29.9,70.62,5.45,495.53,71.87,-0.8,150.8,0.1508,October,Low
REC0392,2025-01-26,Akola_Farm_D,Maize,No-Till,39.92,30.54,61.88,6.5,325.64,34.78,13.31,136.69,0.1367,January,Low
REC0227,2024-08-14,Amravati_Field_2,Sugarcane,Zero Tillage,35.64,28.11,60.66,6.12,513.57,160.46,18.94,131.06,0.1311,August,Low
REC0368,2025-01-02,Nagpur_Farm_B,Sugarcane,No-Till,35.13,29.67,46.0,7.29,263.41,84.53,0.59,149.41,0.1494,January,Low
REC0026,2024-01-26,Nagpur_Farm_A,Sugarcane,Conventional Tillage,36.11,28.11,66.54,7.26,414.71,139.31,20.89,129.11,0.1291,January,Low
REC0197,2024-07-15,Yavatmal_Field_3,Soybean,No-Till,26.16,29.63,59.71,5.8,434.07,163.27,18.16,131.84,0.1318,July,Low
REC0065,2024-03-05,Nagpur_Farm_A,Rice,Organic Farming,43.13,34.01,54.56,6.49,421.23,84.19,1.19,148.81,0.1488,March,Low
REC0016,2024-01-16,Nagpur_Farm_A,Wheat,Zero Tillage,29.38,31.78,62.97,6.41,384.49,133.12,2.29,147.71,0.1477,January,Low
REC0467,2025-04-11,Akola_Farm_D,Wheat,No-Till,41.14,24.62,85.05,6.36,338.94,134.1,-2.58,152.58,0.1526,April,Low
REC0298,2024-10-24,Chandrapur_Farm_C,Rice,Agroforestry,38.07,31.41,61.88,5.94,512.13,121.74,5.37,144.63,0.1446,October,Low
REC0372,2025-01-06,Yavatmal_Field_3,Soybean,Organic Farming,39.98,24.01,85.68,6.35,356.14,138.34,11.53,138.47,0.1385,January,Low
REC0110,2024-04-19,Amravati_Field_2,Maize,Organic Farming,34.26,35.48,88.71,6.32,448.25,171.0,3.81,146.19,0.1462,April,Low
REC0337,2024-12-02,Akola_Farm_D,Rice,Agroforestry,26.75,35.75,50.8,5.7,440.05,196.17,1.28,148.72,0.1487,December,Low
REC0027,2024-01-27,Akola_Farm_D,Cotton,Conventional Tillage,23.49,19.86,60.57,7.82,399.745,136.8,46.64,103.36,0.1034,January,Low
REC0077,2024-03-17,Nagpur_Farm_A,Wheat,Agroforestry,35.87,29.18,36.65,5.37,399.745,178.57,-11.13,161.13,0.1611,March,Low
REC0044,2024-02-13,Yavatmal_Field_3,Sugarcane,Organic Farming,31.99,35.21,61.88,6.18,412.19,107.66,24.46,125.54,0.1255,February,Low
REC0281,2024-10-07,Nagpur_Farm_A,Rice,Organic Farming,36.14,28.89,62.0,5.52,261.94,154.98,-8.96,158.96,0.159,October,Low
REC0453,2025-03-28,Yavatmal_Field_3,Cotton,Conventional Tillage,25.14,21.74,63.61,5.87,394.63,138.67,11.89,138.11,0.1381,March,Low
REC0004,2024-01-04,Yavatmal_Field_3,Soybean,No-Till,50.23,30.81,50.3,6.5,375.36,95.51,7.29,142.71,0.1427,January,Low
REC0050,2024-02-19,Bhandara_Field_4,Rice,Agroforestry,17.37,24.98,80.7,7.36,412.42,203.54,-7.79,157.79,0.1578,February,Low
REC0406,2025-02-09,Nagpur_Farm_A,Wheat,Agroforestry,41.23,28.23,48.65,6.81,507.24,150.02,6.72,143.28,0.1433,February,Low
REC0455,2025-03-30,Chandrapur_Farm_C,Cotton,No-Till,29.7,27.59,68.48,6.08,454.56,82.04,1.58,148.42,0.1484,March,Low
REC0388,2025-01-22,Chandrapur_Farm_C,Maize,Zero Tillage,53.76,26.2,83.42,6.8,326.06,175.53,-20.09,170.09,0.1701,January,Low
REC0072,2024-03-12,Chandrapur_Farm_C,Wheat,Organic Farming,50.38,36.38,67.16,5.62,498.89,62.06,8.87,141.13,0.1411,March,Low
REC0031,2024-01-31,Chandrapur_Farm_C,Cotton,Conventional Tillage,28.98,31.19,56.14,6.6,464.57,138.95,-3.05,153.05,0.1531,January,Low
REC0457,2025-04-01,Nagpur_Farm_B,Cotton,Conventional Tillage,33.93,29.71,71.3,5.01,353.6,157.29,16.38,133.62,0.1336,April,Low
REC0122,2024-05-01,Akola_Farm_D,Cotton,Zero Tillage,35.17,30.36,77.81,5.49,462.77,151.56,20.1,129.9,0.1299,May,Low
REC0432,2025-03-07,Akola_Farm_D,Soybean,Conventional Tillage,14.61,37.41,72.24,6.85,399.745,101.78,5.06,144.94,0.1449,March,Low
REC0116,2024-04-25,Amravati_Field_2,Soybean,Conventional Tillage,38.02,28.65,65.47,8.74,358.94,146.73,-27.74,177.74,0.1777,April,Low
REC0217,2024-08-04,Wardha_Field_1,Sugarcane,Organic Farming,27.27,28.57,49.9,6.73,365.06,145.02,-0.6,150.6,0.1506,August,Low
REC0265,2024-09-21,Akola_Farm_D,Maize,No-Till,32.47,33.75,62.54,6.33,454.42,130.13,14.67,135.33,0.1353,September,Low
REC0210,2024-07-28,Nagpur_Farm_A,Rice,Conventional Tillage,73.53,36.48,86.24,5.82,399.94,182.54,2.81,147.19,0.1472,July,Low
REC0317,2024-11-12,Nagpur_Farm_A,Cotton,No-Till,41.82,28.11,44.02,4.99,467.12,139.28,17.9,132.1,0.1321,November,Low
REC0385,2025-01-19,Amravati_Field_2,Soybean,Zero Tillage,27.41,31.41,71.13,6.48,402.62,10.1,-4.91,154.91,0.1549,January,Low
REC0002,2024-01-02,Amravati_Field_2,Cotton,Agroforestry,33.62,37.55,73.87,6.11,388.44,158.73,13.0,137.0,0.137,January,Low
REC0314,2024-11-09,Wardha_Field_1,Maize,Conventional Tillage,43.14,28.98,68.37,7.13,439.82,107.15,-15.54,165.54,0.1655,November,Low
REC0023,2024-01-23,Akola_Farm_D,Wheat,Conventional Tillage,35.68,24.69,59.63,6.34,508.85,121.74,52.23,97.77,0.0978,January,Medium
REC0318,2024-11-13,Wardha_Field_1,Maize,Agroforestry,31.9,32.45,61.88,6.0,350.62,134.75,1.14,148.86,0.1489,November,Low
REC0320,2024-11-15,Wardha_Field_1,Soybean,Organic Farming,33.7,28.11,57.2,5.81,311.99,42.89,3.78,146.22,0.1462,November,Low
REC0008,2024-01-08,Nagpur_Farm_B,Rice,Zero Tillage,42.67,23.68,69.53,6.49,334.63,169.79,13.5,136.5,0.1365,January,Low
REC0394,2025-01-28,Amravati_Field_2,Maize,Zero Tillage,53.31,33.85,62.05,6.42,348.0,128.62,-17.97,167.97,0.168,January,Low
REC0490,2025-05-04,Bhandara_Field_4,Cotton,Conventional Tillage,43.82,28.13,61.88,6.49,246.43,216.47,-4.53,154.53,0.1545,May,Low
REC0142,2024-05-21,Bhandara_Field_4,Wheat,Conventional Tillage,48.07,36.35,80.64,7.49,404.07,111.28,47.07,102.93,0.1029,May,Low
REC0087,2024-03-27,Bhandara_Field_4,Wheat,Agroforestry,44.15,25.7,75.45,6.62,359.35,67.23,0.0,150.0,0.15,March,Low
REC0479,2025-04-23,Wardha_Field_1,Sugarcane,Zero Tillage,65.79,20.08,46.69,5.96,292.91,141.74,-11.23,161.23,0.1612,April,Low
REC0216,2024-08-03,Bhandara_Field_4,Cotton,Conventional Tillage,42.59,33.52,78.72,6.44,421.27,36.0,-16.09,166.09,0.1661,August,Low
REC0399,2025-02-02,Bhandara_Field_4,Maize,Zero Tillage,33.85,34.03,78.01,6.89,416.58,108.5,3.21,146.79,0.1468,February,Low
REC0491,2025-05-05,Nagpur_Farm_A,Cotton,Conventional Tillage,34.92,29.04,51.72,7.06,398.89,180.66,4.38,145.62,0.1456,May,Low
REC0253,2024-09-09,Nagpur_Farm_A,Cotton,No-Till,56.22,23.12,30.09,6.04,283.91,101.37,10.06,139.94,0.1399,September,Low
REC0469,2025-04-13,Wardha_Field_1,Rice,Agroforestry,29.69,27.8,42.06,6.36,454.67,47.18,2.12,147.88,0.1479,April,Low
REC0358,2024-12-23,Wardha_Field_1,Cotton,Agroforestry,32.11,30.36,65.88,6.32,411.47,110.78,4.23,145.77,0.1458,December,Low
REC0255,2024-09-11,Nagpur_Farm_A,Maize,Conventional Tillage,19.81,23.25,78.42,6.86,399.745,121.74,23.24,126.76,0.1268,September,Low
REC0277,2024-10-03,Nagpur_Farm_A,Soybean,No-Till,36.99,24.36,94.79,6.07,454.35,109.75,-4.07,154.07,0.1541,October,Low
REC0179,2024-06-27,Nagpur_Farm_B,Maize,Conventional Tillage,32.35,32.68,45.17,7.2,561.89,123.81,20.14,129.86,0.1299,June,Low
REC0282,2024-10-08,Yavatmal_Field_3,Sugarcane,Zero Tillage,41.62,21.32,57.71,6.44,345.79,94.01,0.89,149.11,0.1491,October,Low
REC0130,2024-05-09,Yavatmal_Field_3,Maize,Organic Farming,29.97,33.47,64.93,7.1,457.45,100.82,10.88,139.12,0.1391,May,Low
REC0145,2024-05-24,Yavatmal_Field_3,Cotton,Zero Tillage,37.6,26.77,57.4,6.49,382.14,76.41,4.15,145.85,0.1458,May,Low
REC0073,2024-03-13,Yavatmal_Field_3,Rice,Zero Tillage,34.64,28.11,61.15,6.71,407.09,108.01,1.75,148.25,0.1482,March,Low
REC0236,2024-08-23,Wardha_Field_1,Cotton,Zero Tillage,41.34,30.36,84.59,5.37,458.46,98.76,-9.76,159.76,0.1598,August,Low
REC0038,2024-02-07,Bhandara_Field_4,Maize,Zero Tillage,15.4,26.08,38.03,6.13,359.28,156.74,21.96,128.04,0.128,February,Low
