Record_ID,Date,Location,Crop_Type,Farming_Practice,Soil_Moisture_%,Temperature_C,Humidity_%,Soil_pH,Nitrogen_kg_per_ha,Gas_Sensor_ppm,Energy_Consumption_kWh,Carbon_Emission_kgCO2,Carbon_Saved_kgCO2,Carbon_Credit_Score
REC0111,2024-04-20,Nagpur_Farm_A,Wheat,Organic Farming,15.81,,57.14,6.3,41.84,452.12,73.53,5.29,144.71,0.1447
REC0245,2024-09-01,Chandrapur_Farm_C,Rice,Conventional Tillage,23.0,30.59,50.26,5.85,74.26,197.64,113.09,57.18,92.82,0.0928
REC0335,2024-11-30,Amravati_Field_2,Sugarcane,Conventional Tillage,,27.83,62.23,6.07,63.36,,175.98,64.69,85.31,0.0853
REC0440,2025-03-15,Wardha_Field_1,,Conventional Tillage,34.44,25.18,71.02,6.57,25.9,368.6,131.71,29.45,120.55,0.1206
REC0234,2024-08-21,Nagpur_Farm_A,Sugarcane,No-Till,28.48,19.49,98.7,6.29,63.39,,196.46,28.78,121.22,0.1212
REC0251,2024-09-07,Akola_Farm_D,Maize,Conventional Tillage,22.39,23.38,64.96,4.61,48.09,540.44,,60.68,89.32,0.0893
REC0215,2024-08-02,Amravati_Field_2,Wheat,Zero Tillage,31.85,27.81,,6.13,42.95,,149.42,18.04,131.96,0.132
REC0278,2024-10-04,Akola_Farm_D,Maize,Conventional Tillage,29.0,26.76,65.9,6.47,32.77,380.68,125.37,30.34,119.66,0.1197
REC0048,2024-02-17,Yavatmal_Field_3,Rice,Organic Farming,45.57,26.98,36.35,6.71,49.86,354.82,106.55,26.03,123.97,0.124
REC0091,2024-03-31,Nagpur_Farm_A,Maize,Conventional Tillage,35.97,28.36,58.93,5.75,54.9,499.0,47.28,65.35,84.65,0.0846
REC0238,2024-08-25,Chandrapur_Farm_C,Soybean,Organic Farming,36.86,32.91,51.7,5.75,35.69,427.39,69.8,21.79,128.21,0.1282
REC0243,2024-08-30,Nagpur_Farm_B,Sugarcane,Zero Tillage,40.05,24.88,51.27,6.55,79.65,403.48,53.26,54.25,95.75,0.0958
REC0233,2024-08-20,Wardha_Field_1,Maize,Agroforestry,35.46,30.04,58.68,,20.45,445.03,77.17,-5.26,155.26,0.1553
REC0271,2024-09-27,Amravati_Field_2,Maize,Agroforestry,,31.54,76.37,6.53,,383.53,111.37,17.89,132.11,0.1321
REC0475,2025-04-19,Akola_Farm_D,,No-Till,51.45,25.77,48.23,6.49,54.56,472.91,91.32,34.72,115.28,0.1153
REC0193,2024-07-11,Akola_Farm_D,Cotton,Zero Tillage,37.14,22.59,50.98,7.11,80.36,396.86,211.27,36.47,113.53,0.1135
REC0373,2025-01-07,Nagpur_Farm_A,Cotton,Conventional Tillage,49.51,21.1,39.42,6.28,52.4,233.04,178.04,10.07,139.93,0.1399
REC0286,2024-10-12,Bhandara_Field_4,,Organic Farming,15.48,33.4,40.03,5.48,56.93,371.85,180.14,43.26,106.74,0.1067
REC0342,2024-12-07,Yavatmal_Field_3,Sugarcane,Organic Farming,,31.37,60.05,5.18,56.31,278.67,110.29,30.77,119.23,0.1192
REC0042,2024-02-11,Wardha_Field_1,Wheat,Agroforestry,36.71,22.35,53.12,7.74,43.86,299.32,126.28,18.67,131.33,0.1313
REC0035,2024-02-04,Wardha_Field_1,Sugarcane,Agroforestry,43.23,24.74,52.75,6.17,65.9,366.61,122.36,18.48,131.52,0.1315
REC0118,2024-04-27,Bhandara_Field_4,Maize,No-Till,23.31,31.63,59.14,5.97,35.08,,89.77,26.88,123.12,0.1231
REC0219,2024-08-06,Nagpur_Farm_A,Rice,Agroforestry,30.15,26.18,47.47,7.0,81.5,352.61,,27.1,122.9,0.1229
REC0305,2024-10-31,Nagpur_Farm_B,Cotton,No-Till,34.79,25.83,68.05,5.24,79.94,392.36,164.03,42.74,107.26,0.1073
REC0430,2025-03-05,Akola_Farm_D,Soybean,Agroforestry,17.41,27.67,55.85,7.87,44.99,478.84,164.05,19.45,130.55,0.1306
REC0181_R,2024-06-29,Bhandara_Field_4,Soybean,Organic Farming,41.26,31.61,62.7,6.78,47.15,,159.14,17.78,132.22,0.1322
REC0224,2024-08-11,Bhandara_Field_4,Rice,Conventional Tillage,18.87,31.72,66.21,6.93,47.28,518.53,147.81,69.21,80.79,0.0808
REC0129,2024-05-08,Nagpur_Farm_A,Wheat,Agroforestry,36.0,28.28,59.04,6.55,60.73,364.56,122.91,25.54,124.46,0.1245
REC0441,2025-03-16,Wardha_Field_1,Soybean,Organic Farming,38.84,21.6,69.94,6.72,76.24,479.73,125.82,52.35,97.65,0.0976
REC0424,2025-02-27,Wardha_Field_1,Cotton,Organic Farming,44.72,24.5,47.41,6.67,49.35,394.86,,19.82,130.18,0.1302
REC0434,2025-03-09,Bhandara_Field_4,Sugarcane,Organic Farming,42.18,17.01,51.25,6.43,47.38,476.42,116.08,20.45,129.55,0.1296
REC0190,2024-07-08,Bhandara_Field_4,Sugarcane,Zero Tillage,19.85,30.22,45.47,6.32,58.83,449.0,193.18,49.94,100.06,0.1001
REC0063,2024-03-03,Amravati_Field_2,Soybean,Zero Tillage,23.94,32.36,77.23,4.8,55.86,325.97,116.26,57.15,92.85,0.0928
REC0066,2024-03-06,Yavatmal_Field_3,Maize,No-Till,48.56,25.96,43.2,6.3,41.26,,132.86,9.76,140.24,0.1402
REC0446,2025-03-21,Akola_Farm_D,Sugarcane,Conventional Tillage,41.7,22.65,50.23,6.24,53.95,308.18,74.36,62.83,87.17,0.0872
REC0147,2024-05-26,Bhandara_Field_4,Rice,No-Till,22.63,14.52,43.56,6.37,25.99,370.36,91.69,8.09,141.91,0.1419
REC0287,2024-10-13,Akola_Farm_D,Rice,No-Till,,32.17,,6.28,61.75,338.4,106.8,45.21,104.79,0.1048
REC0247,2024-09-03,Nagpur_Farm_B,Sugarcane,Zero Tillage,30.25,28.93,,7.18,36.52,419.31,137.65,20.81,129.19,0.1292
REC0462,2025-04-06,Wardha_Field_1,Soybean,Agroforestry,35.35,34.65,41.64,6.7,61.14,351.31,195.89,19.11,130.89,0.1309
REC0108,2024-04-17,Wardha_Field_1,Cotton,Zero Tillage,36.75,21.78,44.2,7.64,59.58,223.55,142.9,36.63,113.37,0.1134
REC0032,2024-02-01,Nagpur_Farm_A,Sugarcane,No-Till,53.52,19.69,34.97,5.26,35.4,325.89,93.67,16.29,133.71,0.1337
REC0268,2024-09-24,Amravati_Field_2,Sugarcane,Conventional Tillage,20.7,36.85,46.44,6.38,54.79,436.38,104.88,52.92,97.08,0.0971
REC0494,2025-05-08,Chandrapur_Farm_C,Sugarcane,No-Till,26.39,24.59,62.77,7.0,71.65,,98.59,51.81,98.19,0.0982
REC0380,2025-01-14,Yavatmal_Field_3,Rice,Conventional Tillage,26.92,33.94,87.39,5.94,53.9,385.01,90.87,94.5,55.5,0.0555
REC0423,2025-02-26,Amravati_Field_2,Wheat,No-Till,32.51,28.66,54.53,5.75,,384.42,137.03,14.68,135.32,0.1353
REC0324,2024-11-19,Yavatmal_Field_3,Soybean,Organic Farming,55.92,26.19,,6.04,75.12,287.58,,22.0,128.0,0.128
REC0068,2024-03-08,Nagpur_Farm_B,Sugarcane,Conventional Tillage,45.04,22.96,,6.86,47.99,452.09,120.74,55.86,94.14,0.0941
REC0134,2024-05-13,Nagpur_Farm_B,Wheat,No-Till,39.74,25.87,66.8,7.22,58.88,424.9,179.8,46.96,103.04,0.103
REC0375,2025-01-09,Bhandara_Field_4,Rice,Agroforestry,56.53,27.83,82.07,7.42,66.76,397.52,52.69,23.03,126.97,0.127
REC0293,2024-10-19,Wardha_Field_1,Cotton,Organic Farming,29.11,29.36,59.91,6.39,51.28,366.96,171.08,24.53,125.47,0.1255
REC0262,2024-09-18,Wardha_Field_1,Cotton,Organic Farming,34.4,28.61,61.14,7.02,56.06,335.65,121.84,35.22,114.78,0.1148
REC0166,2024-06-14,Nagpur_Farm_A,Rice,Zero Tillage,39.13,28.53,96.6,6.48,34.77,290.63,49.93,-7.56,157.56,0.1576
REC0133,2024-05-12,Nagpur_Farm_A,Soybean,Organic Farming,24.38,27.21,84.21,6.05,60.09,415.78,50.75,41.72,108.28,0.1083
REC0272_R,2024-09-28,Chandrapur_Farm_C,Wheat,No-Till,20.64,25.19,69.14,7.69,42.69,340.27,85.08,25.07,124.93,0.1249
REC0486,2025-04-30,Nagpur_Farm_B,Cotton,No-Till,,22.21,73.99,6.86,62.89,323.2,,36.97,113.03,0.113
REC0393,2025-01-27,Wardha_Field_1,Maize,Zero Tillage,21.8,,90.2,6.19,27.55,461.46,117.04,27.53,122.47,0.1225
REC0284,2024-10-10,Akola_Farm_D,Wheat,No-Till,22.62,31.05,74.35,,35.28,316.64,155.06,23.07,126.93,0.1269
REC0315,2024-11-10,Nagpur_Farm_B,Rice,Agroforestry,48.05,33.16,60.16,6.31,59.99,546.6,105.54,21.44,128.56,0.1286
REC0444,2025-03-19,Nagpur_Farm_A,Wheat,No-Till,34.11,27.5,40.55,6.26,60.35,384.76,183.55,38.34,111.66,0.1117
REC0306,2024-11-01,Nagpur_Farm_A,Wheat,Zero Tillage,36.17,26.45,46.52,5.39,96.65,257.9,162.45,55.67,94.33,0.0943
REC0005,2024-01-05,Wardha_Field_1,,No-Till,32.66,24.75,70.47,6.38,21.6,313.19,142.26,13.12,136.88,0.1369
REC0308,2024-11-03,Nagpur_Farm_B,Sugarcane,Organic Farming,29.08,25.61,59.86,6.86,47.25,333.36,134.47,20.48,129.52,0.1295
REC0198,2024-07-16,Chandrapur_Farm_C,Rice,No-Till,36.54,21.74,68.29,6.03,50.29,,44.67,37.9,112.1,0.1121
REC0229,2024-08-16,Amravati_Field_2,Wheat,Conventional Tillage,27.85,25.3,74.46,6.76,22.0,340.6,151.17,48.21,101.79,0.1018
REC0079,2024-03-19,Wardha_Field_1,Sugarcane,Organic Farming,35.92,20.61,82.51,5.99,47.91,422.45,129.36,19.98,130.02,0.13
REC0299,2024-10-25,Nagpur_Farm_B,Sugarcane,Organic Farming,43.13,28.14,64.01,7.25,59.76,371.23,73.87,34.36,115.64,0.1156
REC0174,2024-06-22,Bhandara_Field_4,Rice,No-Till,38.41,26.14,59.06,5.85,52.28,356.89,151.04,36.55,113.45,0.1134
REC0459,2025-04-03,Amravati_Field_2,Maize,Zero Tillage,29.46,30.85,79.35,7.24,57.5,490.85,120.75,40.32,109.68,0.1097
REC0362,2024-12-27,Wardha_Field_1,Wheat,Conventional Tillage,50.33,20.42,68.69,7.07,29.71,438.71,,10.96,139.04,0.139
REC0410,2025-02-13,Bhandara_Field_4,Cotton,Conventional Tillage,40.14,38.82,56.24,6.6,32.78,500.57,201.87,27.09,122.91,0.1229
REC0483,2025-04-27,Yavatmal_Field_3,Sugarcane,Organic Farming,18.94,23.17,85.9,,79.89,458.6,105.55,37.41,112.59,0.1126
REC0043,2024-02-12,Nagpur_Farm_B,Soybean,Organic Farming,33.84,30.65,76.18,7.66,42.14,382.64,96.54,20.12,129.88,0.1299
REC0403,2025-02-06,Bhandara_Field_4,Wheat,Zero Tillage,35.05,28.14,77.79,7.32,41.8,354.41,127.82,17.7,132.3,0.1323
REC0006,2024-01-06,Akola_Farm_D,Wheat,Organic Farming,32.66,25.56,65.9,6.18,53.2,333.97,66.58,20.99,129.01,0.129
REC0340,2024-12-05,Wardha_Field_1,Wheat,No-Till,,26.93,62.56,6.35,40.1,387.28,191.85,26.42,123.58,0.1236
REC0366,2024-12-31,Chandrapur_Farm_C,Wheat,Agroforestry,30.99,26.06,,5.34,73.01,375.38,198.13,23.64,126.36,0.1264
REC0330,2024-11-25,Yavatmal_Field_3,Wheat,No-Till,41.28,26.59,69.0,6.51,62.74,,153.39,38.39,111.61,0.1116
REC0018,2024-01-18,Wardha_Field_1,Maize,Organic Farming,38.14,23.11,,6.94,19.94,222.46,,13.38,136.62,0.1366
REC0222,2024-08-09,Amravati_Field_2,Maize,Zero Tillage,16.33,19.45,64.65,6.32,40.29,359.54,150.3,26.5,123.5,0.1235
REC0470,2025-04-14,Akola_Farm_D,Soybean,Conventional Tillage,29.24,20.85,66.67,7.29,46.86,,111.25,75.88,74.12,0.0741
REC0067,2024-03-07,Chandrapur_Farm_C,,No-Till,34.28,17.81,40.58,6.55,13.42,320.33,190.2,19.23,130.77,0.1308
REC0309,2024-11-04,Akola_Farm_D,Cotton,Zero Tillage,40.47,34.28,76.29,5.39,58.02,473.23,190.45,32.03,117.97,0.118
REC0322,2024-11-17,Chandrapur_Farm_C,Maize,Agroforestry,40.95,35.05,,6.55,61.68,467.61,83.84,25.99,124.01,0.124
REC0431,2025-03-06,Wardha_Field_1,Wheat,Conventional Tillage,23.17,,64.61,5.64,58.47,469.53,138.66,86.03,63.97,0.064
REC0041,2024-02-10,Nagpur_Farm_B,Wheat,No-Till,42.38,32.18,85.26,6.48,39.58,343.23,144.41,15.95,134.05,0.134
REC0313,2024-11-08,Yavatmal_Field_3,,Zero Tillage,43.25,35.23,80.85,7.63,,539.11,203.44,32.48,117.52,0.1175
REC0364,2024-12-29,Nagpur_Farm_A,,Conventional Tillage,39.02,36.98,45.4,5.28,,454.51,65.78,79.36,70.64,0.0706
REC0186,2024-07-04,Nagpur_Farm_B,Rice,Zero Tillage,42.14,31.56,,7.33,73.0,425.29,173.22,41.63,108.37,0.1084
REC0173,2024-06-21,Nagpur_Farm_A,,Zero Tillage,34.23,26.29,61.56,6.23,45.2,420.84,67.31,25.01,124.99,0.125
REC0120,2024-04-29,Chandrapur_Farm_C,Rice,Organic Farming,42.52,29.12,75.76,7.3,47.13,516.47,186.22,23.66,126.34,0.1263
REC0030,2024-01-30,Amravati_Field_2,Sugarcane,Organic Farming,32.08,23.48,44.66,5.72,42.63,,121.38,8.23,141.77,0.1418
REC0461,2025-04-05,Yavatmal_Field_3,Wheat,Agroforestry,54.65,31.21,57.92,6.46,51.14,334.04,,16.65,133.35,0.1334
REC0086,2024-03-26,Nagpur_Farm_B,Wheat,Conventional Tillage,29.98,,66.45,,31.69,349.95,132.4,40.55,109.45,0.1094
REC0294,2024-10-20,Chandrapur_Farm_C,Wheat,Agroforestry,43.5,21.62,72.58,6.97,37.88,325.86,133.52,15.67,134.33,0.1343
REC0415,2025-02-18,Nagpur_Farm_A,Wheat,Agroforestry,38.32,27.52,50.35,5.24,65.26,454.84,98.0,20.78,129.22,0.1292
REC0346,2024-12-11,Amravati_Field_2,Rice,Organic Farming,37.32,30.46,37.73,5.78,,312.22,185.14,15.94,134.06,0.1341
REC0363,2024-12-28,Nagpur_Farm_B,Soybean,Zero Tillage,33.91,35.74,61.79,7.06,27.16,311.82,48.24,27.28,122.72,0.1227
REC0259,2024-09-15,Nagpur_Farm_A,Rice,Organic Farming,39.44,23.71,49.42,7.63,10.94,309.55,167.47,17.0,133.0,0.133
REC0143,2024-05-22,Chandrapur_Farm_C,Rice,Zero Tillage,18.93,26.7,57.75,6.44,52.6,332.19,116.04,43.79,106.21,0.1062
REC0489,2025-05-03,Bhandara_Field_4,Sugarcane,Conventional Tillage,51.87,26.9,37.12,6.05,50.38,309.58,83.02,32.46,117.54,0.1175
REC0246,2024-09-02,Amravati_Field_2,Sugarcane,Zero Tillage,,24.37,41.64,6.67,51.57,376.27,150.88,47.47,102.53,0.1025
REC0160,2024-06-08,Bhandara_Field_4,Wheat,No-Till,41.57,27.28,55.13,7.3,58.37,444.26,132.53,23.12,126.88,0.1269
REC0377,2025-01-11,Akola_Farm_D,Cotton,Organic Farming,,25.41,49.96,6.11,44.6,,108.81,18.0,132.0,0.132
REC0369,2025-01-03,Wardha_Field_1,Soybean,No-Till,35.98,31.29,53.35,5.74,33.25,442.79,136.02,15.47,134.53,0.1345
REC0390,2025-01-24,Yavatmal_Field_3,Sugarcane,Zero Tillage,29.23,33.54,48.7,,65.53,430.64,125.56,69.19,80.81,0.0808
REC0256,2024-09-12,Akola_Farm_D,Cotton,Conventional Tillage,30.16,41.16,41.86,7.46,55.45,363.87,125.92,85.31,64.69,0.0647
REC0103,2024-04-12,Nagpur_Farm_B,Sugarcane,No-Till,31.57,,91.33,6.05,36.96,349.17,185.98,18.64,131.36,0.1314
REC0488,2025-05-02,Akola_Farm_D,Wheat,Agroforestry,,32.39,33.59,6.86,49.32,407.47,146.6,17.29,132.71,0.1327
REC0202,2024-07-20,Yavatmal_Field_3,Rice,No-Till,40.61,33.25,53.56,6.84,47.14,487.28,137.02,34.44,115.56,0.1156
REC0466,2025-04-10,Bhandara_Field_4,,Conventional Tillage,32.79,35.2,68.83,6.56,63.31,379.29,,66.94,83.06,0.0831
REC0374,2025-01-08,Yavatmal_Field_3,Wheat,No-Till,44.59,24.35,35.8,7.05,,353.23,192.29,4.14,145.86,0.1459
REC0401,2025-02-04,Chandrapur_Farm_C,Wheat,Organic Farming,19.06,29.84,44.3,6.99,39.17,396.36,139.66,19.78,130.22,0.1302
REC0450,2025-03-25,Wardha_Field_1,Wheat,Conventional Tillage,24.41,29.22,60.32,6.46,,269.56,,45.03,104.97,0.105
REC0371,2025-01-05,Nagpur_Farm_B,Wheat,No-Till,35.25,27.12,57.41,5.73,47.66,349.02,116.9,33.73,116.27,0.1163
REC0292,2024-10-18,Nagpur_Farm_B,Maize,Organic Farming,30.07,29.04,97.39,6.58,64.68,,20.49,34.08,115.92,0.1159
REC0290,2024-10-16,Chandrapur_Farm_C,Soybean,Agroforestry,28.77,19.7,27.71,7.44,71.34,414.51,108.48,23.57,126.43,0.1264
REC0359,2024-12-24,Amravati_Field_2,Soybean,Agroforestry,38.23,25.24,37.82,6.7,23.36,494.38,,12.2,137.8,0.1378
REC0007,2024-01-07,Chandrapur_Farm_C,Maize,Organic Farming,50.79,25.04,73.43,6.99,50.02,635.93,139.44,15.22,134.78,0.1348
REC0464,2025-04-08,Yavatmal_Field_3,Maize,Organic Farming,37.14,31.55,47.24,6.95,31.44,315.48,160.94,16.86,133.14,0.1331
REC0012,2024-01-12,Chandrapur_Farm_C,Wheat,Conventional Tillage,30.34,27.75,62.96,6.36,38.56,443.78,,34.03,115.97,0.116
REC0226,2024-08-13,Chandrapur_Farm_C,Rice,Agroforestry,45.89,27.08,58.05,7.26,69.82,400.3,80.49,15.67,134.33,0.1343
REC0136,2024-05-15,Nagpur_Farm_A,Cotton,Conventional Tillage,50.5,19.73,74.46,6.22,41.4,485.72,137.72,65.59,84.41,0.0844
REC0397,2025-01-31,Yavatmal_Field_3,Maize,Conventional Tillage,,27.16,39.79,,36.17,,,35.51,114.49,0.1145
REC0274,2024-09-30,Amravati_Field_2,Wheat,Conventional Tillage,,32.86,55.25,6.64,50.51,276.11,,69.66,80.34,0.0803
REC0361,2024-12-26,Amravati_Field_2,Cotton,No-Till,40.19,29.01,,6.41,,357.5,73.87,11.19,138.81,0.1388
REC0093,2024-04-02,Akola_Farm_D,Wheat,No-Till,27.98,30.39,70.91,,59.33,396.57,116.22,44.0,106.0,0.106
REC0303,2024-10-29,Nagpur_Farm_A,,Organic Farming,42.47,28.48,57.38,6.0,44.24,427.98,128.66,35.67,114.33,0.1143
REC0188,2024-07-06,Nagpur_Farm_A,,Zero Tillage,34.27,26.13,56.63,6.64,46.0,277.15,155.75,32.73,117.27,0.1173
REC0059,2024-02-28,Amravati_Field_2,Rice,Organic Farming,38.31,29.97,68.15,7.54,53.94,426.23,71.91,19.66,130.34,0.1303
REC0481,2025-04-25,Akola_Farm_D,Sugarcane,Zero Tillage,33.72,31.93,70.84,5.82,40.91,421.12,107.91,29.51,120.49,0.1205
REC0275,2024-10-01,Bhandara_Field_4,Maize,Organic Farming,25.18,31.11,78.2,5.98,33.69,360.71,83.35,9.76,140.24,0.1402
REC0180,2024-06-28,Nagpur_Farm_A,,Conventional Tillage,62.2,34.36,43.45,6.2,50.1,378.92,,28.83,121.17,0.1212
REC0169,2024-06-17,Amravati_Field_2,Rice,No-Till,32.55,14.75,68.92,7.09,,444.18,116.14,24.51,125.49,0.1255
REC0102,2024-04-11,Wardha_Field_1,Cotton,Zero Tillage,30.79,,16.56,7.46,36.47,449.58,154.22,28.91,121.09,0.1211
REC0384,2025-01-18,Yavatmal_Field_3,Cotton,No-Till,29.74,33.22,,6.09,49.27,436.61,161.08,31.66,118.34,0.1183
REC0465,2025-04-09,Akola_Farm_D,Maize,Organic Farming,33.88,27.55,51.29,6.89,63.04,497.85,127.01,24.2,125.8,0.1258
REC0148,2024-05-27,Wardha_Field_1,Soybean,No-Till,,27.73,38.4,,37.57,287.55,91.51,-2.05,152.05,0.1521
REC0404,2025-02-07,Akola_Farm_D,Sugarcane,No-Till,35.47,34.39,70.78,6.76,45.93,426.36,116.05,29.18,120.82,0.1208
REC0019,2024-01-19,Akola_Farm_D,Maize,No-Till,25.92,28.5,55.19,,59.53,381.62,,29.48,120.52,0.1205
REC0367,2025-01-01,Chandrapur_Farm_C,Wheat,Conventional Tillage,37.24,29.43,59.59,7.22,41.96,332.91,98.96,51.22,98.78,0.0988
REC0495,2025-05-09,Nagpur_Farm_A,Maize,Zero Tillage,50.23,22.99,83.13,6.75,31.15,323.85,140.46,1.89,148.11,0.1481
REC0458,2025-04-02,Wardha_Field_1,Soybean,Organic Farming,24.65,30.28,65.72,8.7,53.59,381.08,104.95,27.08,122.92,0.1229
REC0329,2024-11-24,Akola_Farm_D,Maize,Agroforestry,41.24,25.9,41.85,6.43,60.43,476.12,76.31,19.93,130.07,0.1301
REC0319,2024-11-14,Yavatmal_Field_3,Wheat,Organic Farming,38.24,28.41,50.86,6.35,41.63,431.5,164.87,21.82,128.18,0.1282
REC0240_R,2024-08-27,Akola_Farm_D,Wheat,Organic Farming,43.52,33.07,84.43,7.7,60.29,468.32,157.52,35.06,114.94,0.1149
REC0261,2024-09-17,Chandrapur_Farm_C,Rice,Organic Farming,25.73,25.12,68.37,7.65,56.55,450.36,110.48,19.9,130.1,0.1301
REC0081,2024-03-21,Akola_Farm_D,Cotton,Organic Farming,32.8,29.69,54.77,6.64,50.01,429.77,168.02,28.48,121.52,0.1215
REC0047,2024-02-16,Bhandara_Field_4,Maize,Zero Tillage,30.39,30.89,,5.8,50.0,289.79,166.36,39.21,110.79,0.1108
REC0163,2024-06-11,Yavatmal_Field_3,Maize,Organic Farming,46.59,27.84,39.16,5.01,57.47,447.78,101.64,28.44,121.56,0.1216
REC0094,2024-04-03,Wardha_Field_1,Wheat,Conventional Tillage,31.72,29.67,60.78,7.13,32.92,,136.78,55.68,94.32,0.0943
REC0426,2025-03-01,Wardha_Field_1,Maize,Conventional Tillage,48.69,20.38,,5.86,,420.18,,66.39,83.61,0.0836
REC0082,2024-03-22,Bhandara_Field_4,Cotton,Organic Farming,38.57,25.92,54.76,7.3,59.02,431.13,125.61,16.36,133.64,0.1336
REC0331,2024-11-26,Bhandara_Field_4,Cotton,No-Till,34.88,21.28,82.96,7.0,45.59,263.69,156.55,23.87,126.13,0.1261
REC0161,2024-06-09,Chandrapur_Farm_C,Wheat,No-Till,25.25,25.13,22.51,7.42,33.33,305.95,95.74,25.05,124.95,0.125
REC0498,2025-05-12,Bhandara_Field_4,Sugarcane,Organic Farming,33.1,31.2,78.13,5.88,45.8,300.66,118.08,26.45,123.55,0.1236
REC0498,2025-05-12,Bhandara_Field_4,Sugarcane,Organic Farming,33.1,31.2,78.13,5.88,45.8,300.66,118.08,26.45,123.55,0.1236
REC0420,2025-02-23,Bhandara_Field_4,Soybean,Conventional Tillage,35.68,28.97,67.62,6.17,30.1,503.67,98.71,51.78,98.22,0.0982
REC0414,2025-02-17,Akola_Farm_D,Rice,Agroforestry,47.78,35.89,,6.85,36.24,460.63,86.72,12.72,137.28,0.1373
REC0258,2024-09-14,Bhandara_Field_4,Wheat,No-Till,27.92,28.92,66.29,7.17,43.69,339.34,91.51,48.77,101.23,0.1012
REC0140,2024-05-19,Chandrapur_Farm_C,Maize,No-Till,22.69,21.52,,5.75,27.99,431.83,109.29,31.11,118.89,0.1189
REC0107,2024-04-16,Amravati_Field_2,Maize,No-Till,53.86,24.13,69.19,6.59,36.49,351.62,68.27,3.66,146.34,0.1463
REC0411,2025-02-14,Bhandara_Field_4,Wheat,Conventional Tillage,42.12,26.46,79.92,7.71,62.28,357.17,93.0,76.35,73.65,0.0737
REC0316,2024-11-11,Wardha_Field_1,Rice,Zero Tillage,35.21,20.57,40.32,5.88,56.32,465.13,136.66,27.74,122.26,0.1223
REC0336,2024-12-01,Akola_Farm_D,Wheat,Zero Tillage,,29.17,54.94,6.75,58.63,376.01,66.31,46.61,103.39,0.1034
REC0442,2025-03-17,Nagpur_Farm_B,Soybean,Agroforestry,34.67,32.36,77.6,,70.72,362.68,95.44,20.44,129.56,0.1296
REC0225,2024-08-12,Nagpur_Farm_A,Soybean,Zero Tillage,30.28,,57.22,5.85,40.26,557.01,131.35,36.98,113.02,0.113
REC0096,2024-04-05,Amravati_Field_2,Sugarcane,Zero Tillage,20.36,25.45,58.79,5.79,48.86,220.25,171.18,25.31,124.69,0.1247
REC0123,2024-05-02,Akola_Farm_D,Rice,Conventional Tillage,49.03,37.41,69.58,7.14,49.71,406.71,139.65,53.99,96.01,0.096
REC0181,2024-06-29,Bhandara_Field_4,Soybean,Organic Farming,41.26,31.61,62.7,6.78,47.15,,159.14,17.78,132.22,0.1322
REC0024,2024-01-24,Wardha_Field_1,Sugarcane,Conventional Tillage,20.75,30.85,92.13,5.83,30.37,374.92,166.16,58.03,91.97,0.092
REC0165,2024-06-13,Amravati_Field_2,Wheat,Zero Tillage,44.63,,75.34,7.41,73.71,437.06,73.83,23.4,126.6,0.1266
REC0014,2024-01-14,Bhandara_Field_4,Maize,Agroforestry,15.87,23.46,49.66,5.19,35.9,379.6,64.12,16.97,133.03,0.133
REC0062,2024-03-02,Bhandara_Field_4,Cotton,No-Till,33.14,38.38,,5.98,47.94,406.85,106.69,39.3,110.7,0.1107
REC0400,2025-02-03,Bhandara_Field_4,Rice,Organic Farming,47.38,23.92,,6.29,51.04,422.99,103.82,22.44,127.56,0.1276
REC0040,2024-02-09,Chandrapur_Farm_C,Rice,No-Till,36.97,25.12,75.71,4.49,23.46,404.39,111.74,-1.59,151.59,0.1516
REC0396,2025-01-30,Chandrapur_Farm_C,Maize,Agroforestry,30.31,31.24,62.77,6.24,28.26,714.1,64.56,12.35,137.65,0.1376
REC0071,2024-03-11,Nagpur_Farm_A,,Agroforestry,38.61,28.09,59.3,7.06,64.48,403.06,,10.71,139.29,0.1393
REC0237,2024-08-24,Akola_Farm_D,Sugarcane,No-Till,14.75,29.28,85.17,5.76,50.21,373.19,160.3,20.81,129.19,0.1292
REC0395,2025-01-29,Yavatmal_Field_3,Sugarcane,Conventional Tillage,46.79,34.91,54.52,6.44,,440.66,198.9,85.38,64.62,0.0646
REC0099,2024-04-08,Wardha_Field_1,Sugarcane,No-Till,35.05,25.78,73.74,6.51,26.69,496.01,114.82,13.3,136.7,0.1367
REC0389,2025-01-23,Wardha_Field_1,Soybean,Conventional Tillage,44.5,30.95,60.48,6.17,63.35,369.2,,80.9,69.1,0.0691
REC0473,2025-04-17,Bhandara_Field_4,Maize,Agroforestry,19.85,32.2,57.99,6.96,38.21,290.53,122.09,6.79,143.21,0.1432
REC0386,2025-01-20,Wardha_Field_1,Wheat,Zero Tillage,36.5,37.23,64.49,6.7,38.62,360.02,97.44,31.03,118.97,0.119
REC0415,2025-02-18,Nagpur_Farm_A,Wheat,Agroforestry,38.32,27.52,50.35,5.24,65.26,454.84,98.0,20.78,129.22,0.1292
REC0312,2024-11-07,Akola_Farm_D,Rice,No-Till,45.99,25.8,72.27,6.6,76.93,349.16,137.98,61.48,88.52,0.0885
REC0472,2025-04-16,Amravati_Field_2,Cotton,Agroforestry,11.98,24.59,50.85,4.44,85.46,394.51,116.76,32.7,117.3,0.1173
REC0285,2024-10-11,Bhandara_Field_4,Cotton,Conventional Tillage,56.33,30.8,48.21,6.56,43.03,361.02,57.54,60.45,89.55,0.0895
REC0128,2024-05-07,Amravati_Field_2,Sugarcane,Zero Tillage,29.34,27.37,48.69,7.4,66.71,455.83,172.73,41.96,108.04,0.108
REC0083,2024-03-23,Yavatmal_Field_3,Cotton,No-Till,,31.16,55.18,5.79,28.34,395.75,41.32,1.81,148.19,0.1482
REC0461,2025-04-05,Yavatmal_Field_3,Wheat,Agroforestry,54.65,31.21,57.92,6.46,51.14,334.04,,16.65,133.35,0.1334
REC0295,2024-10-21,Akola_Farm_D,Wheat,Conventional Tillage,38.57,22.59,61.23,6.65,37.54,397.48,71.72,18.28,131.72,0.1317
REC0028,2024-01-28,Amravati_Field_2,Sugarcane,Agroforestry,38.76,28.24,61.8,7.58,68.58,,137.97,22.64,127.36,0.1274
REC0090,2024-03-30,Chandrapur_Farm_C,,No-Till,40.13,23.72,57.05,6.56,71.79,394.92,125.74,49.18,100.82,0.1008
REC0427,2025-03-02,Yavatmal_Field_3,Soybean,Zero Tillage,25.35,25.21,90.84,4.73,58.58,,130.1,51.91,98.09,0.0981
REC0074,2024-03-14,Yavatmal_Field_3,Rice,Zero Tillage,50.65,26.9,40.76,5.55,52.96,395.98,185.27,28.87,121.13,0.1211
REC0343,2024-12-08,Nagpur_Farm_A,Sugarcane,Agroforestry,37.45,22.39,66.55,6.12,57.38,518.15,78.95,24.28,125.72,0.1257
REC0321,2024-11-16,Bhandara_Field_4,Soybean,Organic Farming,35.97,25.41,60.85,6.41,56.59,377.69,127.85,38.36,111.64,0.1116
REC0172,2024-06-20,Nagpur_Farm_B,Cotton,Conventional Tillage,26.84,17.63,64.22,6.24,48.86,,144.33,58.34,91.66,0.0917
REC0162,2024-06-10,Wardha_Field_1,Rice,Organic Farming,42.87,25.27,94.36,6.42,,328.39,138.24,17.95,132.05,0.132
REC0070,2024-03-10,Chandrapur_Farm_C,Cotton,No-Till,28.55,26.24,,6.13,63.89,,147.71,34.18,115.82,0.1158
REC0250,2024-09-06,Chandrapur_Farm_C,Rice,Agroforestry,39.05,20.97,36.66,7.2,63.82,383.64,45.68,14.21,135.79,0.1358
REC0092,2024-04-01,Akola_Farm_D,Wheat,Agroforestry,44.69,25.61,59.44,4.46,54.51,363.42,150.39,15.72,134.28,0.1343
REC0039,2024-02-08,Nagpur_Farm_A,Cotton,Conventional Tillage,,33.03,63.37,5.68,,300.34,81.49,31.83,118.17,0.1182
REC0345,2024-12-10,Yavatmal_Field_3,Rice,Conventional Tillage,30.29,28.83,74.24,6.61,17.7,417.34,81.41,25.55,124.45,0.1244
REC0014,2024-01-14,Bhandara_Field_4,Maize,Agroforestry,15.87,23.46,49.66,5.19,35.9,379.6,64.12,16.97,133.03,0.133
REC0438,2025-03-13,Akola_Farm_D,Soybean,Organic Farming,21.2,,84.11,6.83,62.39,381.64,68.95,39.0,111.0,0.111
REC0126,2024-05-05,Yavatmal_Field_3,Cotton,Agroforestry,56.9,25.44,42.8,7.26,58.21,331.11,149.59,21.41,128.59,0.1286
REC0269,2024-09-25,Bhandara_Field_4,Maize,Agroforestry,30.6,24.87,48.97,6.59,,358.69,129.26,20.03,129.97,0.13
REC0348,2024-12-13,Yavatmal_Field_3,Rice,Zero Tillage,20.93,40.28,74.01,5.89,37.06,333.02,,24.57,125.43,0.1254
REC0205,2024-07-23,Bhandara_Field_4,Soybean,Organic Farming,21.22,20.22,60.73,6.79,35.65,419.94,81.91,24.94,125.06,0.1251
REC0476,2025-04-20,Nagpur_Farm_B,Cotton,Agroforestry,32.51,,69.72,6.23,60.82,408.46,68.62,23.51,126.49,0.1265
REC0060,2024-02-29,Chandrapur_Farm_C,Wheat,Conventional Tillage,44.76,25.9,54.44,6.31,52.9,473.94,104.17,77.2,72.8,0.0728
REC0121,2024-04-30,Chandrapur_Farm_C,Soybean,Conventional Tillage,42.91,24.05,76.58,6.58,,456.36,100.66,78.28,71.72,0.0717
REC0013,2024-01-13,Amravati_Field_2,Wheat,Conventional Tillage,37.42,26.81,91.13,6.0,38.46,443.91,68.51,40.98,109.02,0.109
REC0425,2025-02-28,Wardha_Field_1,Wheat,Agroforestry,41.45,33.98,44.33,7.95,27.03,407.34,48.96,7.39,142.61,0.1426
REC0257,2024-09-13,Yavatmal_Field_3,Sugarcane,Zero Tillage,47.67,30.47,85.09,6.4,63.3,415.6,84.76,41.79,108.21,0.1082
REC0463,2025-04-07,Amravati_Field_2,Sugarcane,Zero Tillage,28.0,28.98,56.86,6.86,57.23,357.68,,56.64,93.36,0.0934
REC0082_R,2024-03-22,Bhandara_Field_4,Cotton,Organic Farming,38.57,25.92,54.76,7.3,59.02,431.13,125.61,16.36,133.64,0.1336
REC0418,2025-02-21,Chandrapur_Farm_C,Soybean,Agroforestry,36.16,28.93,64.03,6.07,55.11,,128.31,15.66,134.34,0.1343
REC0158,2024-06-06,Amravati_Field_2,Cotton,No-Till,,27.88,93.79,7.42,45.23,471.22,124.38,38.38,111.62,0.1116
REC0433,2025-03-08,Wardha_Field_1,Rice,Zero Tillage,32.31,20.76,72.91,6.17,49.65,328.86,140.89,34.2,115.8,0.1158
REC0214,2024-08-01,Nagpur_Farm_B,Cotton,No-Till,41.51,30.0,73.42,7.09,43.22,288.06,180.93,36.03,113.97,0.114
REC0187,2024-07-05,Wardha_Field_1,Cotton,Zero Tillage,39.73,26.8,45.26,6.17,28.64,437.54,72.13,30.75,119.25,0.1192
REC0356,2024-12-21,Wardha_Field_1,Rice,Organic Farming,,25.15,21.13,6.03,53.92,358.94,113.37,45.29,104.71,0.1047
REC0294,2024-10-20,Chandrapur_Farm_C,Wheat,Agroforestry,43.5,21.62,72.58,6.97,37.88,325.86,133.52,15.67,134.33,0.1343
REC0428,2025-03-03,Chandrapur_Farm_C,Maize,No-Till,41.86,29.89,43.45,,49.07,417.18,175.38,36.19,113.81,0.1138
REC0447,2025-03-22,Amravati_Field_2,Rice,Agroforestry,38.67,20.37,52.07,6.76,54.41,406.82,115.54,20.87,129.13,0.1291
REC0412,2025-02-15,Yavatmal_Field_3,,Zero Tillage,23.75,29.1,68.34,8.06,73.07,428.68,103.88,62.7,87.3,0.0873
REC0242,2024-08-29,Akola_Farm_D,Soybean,Organic Farming,33.85,21.6,56.95,6.38,58.77,437.06,234.74,37.39,112.61,0.1126
REC0492,2025-05-06,Yavatmal_Field_3,Rice,Agroforestry,49.8,17.79,98.37,7.03,39.65,448.17,111.46,20.01,129.99,0.13
REC0208,2024-07-26,Akola_Farm_D,,Zero Tillage,40.14,36.77,50.06,,55.33,401.91,153.21,42.07,107.93,0.1079
REC0376,2025-01-10,Nagpur_Farm_B,Wheat,Zero Tillage,27.33,36.97,56.86,7.48,,327.23,79.04,46.61,103.39,0.1034
REC0239,2024-08-26,Amravati_Field_2,Cotton,Conventional Tillage,28.38,36.33,68.53,7.17,43.89,524.33,127.39,55.44,94.56,0.0946
REC0209,2024-07-27,Nagpur_Farm_B,Maize,Organic Farming,40.15,17.59,38.96,6.41,45.3,371.89,156.02,31.09,118.91,0.1189
REC0089,2024-03-29,Nagpur_Farm_A,Soybean,No-Till,29.7,32.15,56.11,5.92,43.2,336.0,41.96,28.64,121.36,0.1214
REC0351,2024-12-16,Nagpur_Farm_A,Wheat,Conventional Tillage,38.11,,42.45,6.05,65.9,356.14,,91.41,58.59,0.0586
REC0132,2024-05-11,Nagpur_Farm_B,Cotton,Conventional Tillage,35.69,35.65,66.33,5.91,,437.05,118.5,39.69,110.31,0.1103
REC0125,2024-05-04,Chandrapur_Farm_C,Wheat,No-Till,40.87,35.97,84.5,7.81,50.34,432.78,114.42,35.25,114.75,0.1148
REC0175,2024-06-23,Nagpur_Farm_B,Soybean,No-Till,37.77,20.96,48.69,7.63,37.47,319.32,79.91,5.66,144.34,0.1443
REC0344,2024-12-09,Wardha_Field_1,Wheat,Zero Tillage,29.93,29.91,77.86,6.56,42.11,306.58,169.2,20.09,129.91,0.1299
REC0192,2024-07-10,Bhandara_Field_4,Soybean,Agroforestry,43.56,33.8,39.99,6.17,56.93,380.47,148.49,10.78,139.22,0.1392
REC0015,2024-01-15,Nagpur_Farm_A,Sugarcane,Agroforestry,17.75,25.12,,6.44,62.44,,96.66,36.31,113.69,0.1137
REC0436,2025-03-11,Akola_Farm_D,Maize,Zero Tillage,35.74,25.49,64.24,5.45,44.46,517.81,155.56,17.18,132.82,0.1328
REC0069,2024-03-09,Bhandara_Field_4,Maize,Agroforestry,38.62,18.65,52.98,5.41,71.34,,129.01,27.69,122.31,0.1223
REC0124,2024-05-03,Amravati_Field_2,Soybean,Organic Farming,20.98,34.73,42.85,6.03,46.06,512.84,,34.74,115.26,0.1153
REC0139,2024-05-18,Nagpur_Farm_A,Cotton,Zero Tillage,43.14,21.55,68.96,7.94,31.41,317.4,138.94,16.85,133.15,0.1332
REC0112,2024-04-21,Chandrapur_Farm_C,Wheat,Zero Tillage,34.73,27.72,63.26,5.41,47.56,,108.67,52.12,97.88,0.0979
REC0052,2024-02-21,Amravati_Field_2,Soybean,Organic Farming,31.15,27.22,65.94,6.36,36.99,249.61,91.62,27.67,122.33,0.1223
REC0387,2025-01-21,Nagpur_Farm_B,Cotton,Agroforestry,38.42,30.92,79.53,,,,87.35,15.06,134.94,0.1349
REC0113,2024-04-22,Chandrapur_Farm_C,Soybean,No-Till,35.6,29.4,73.05,7.12,50.61,383.88,107.97,33.31,116.69,0.1167
REC0010,2024-01-10,Yavatmal_Field_3,Rice,No-Till,40.43,23.85,51.97,7.53,64.06,294.2,101.16,33.21,116.79,0.1168
REC0020,2024-01-20,Yavatmal_Field_3,Cotton,Zero Tillage,20.88,31.76,66.36,7.8,31.41,331.89,142.07,27.66,122.34,0.1223
REC0017,2024-01-17,Wardha_Field_1,Rice,Organic Farming,24.87,30.5,50.23,7.56,46.03,406.87,59.23,35.66,114.34,0.1143
REC0248,2024-09-04,Chandrapur_Farm_C,Wheat,No-Till,28.47,24.22,48.45,6.85,30.05,307.92,90.67,8.67,141.33,0.1413
REC0296,2024-10-22,Akola_Farm_D,Wheat,No-Till,28.07,33.27,58.52,5.97,57.84,332.13,76.99,52.25,97.75,0.0978
REC0001,2024-01-01,Nagpur_Farm_A,Maize,Agroforestry,39.97,32.63,80.99,7.04,39.87,445.65,43.69,14.33,135.67,0.1357
REC0383,2025-01-17,Nagpur_Farm_A,Cotton,Zero Tillage,13.76,25.55,92.36,5.64,55.16,351.45,,23.51,126.49,0.1265
REC0106,2024-04-15,Bhandara_Field_4,Wheat,Agroforestry,39.04,37.38,44.4,5.83,74.64,385.24,,21.67,128.33,0.1283
REC0206,2024-07-24,Wardha_Field_1,Sugarcane,Conventional Tillage,25.62,31.03,60.61,,57.09,483.61,92.92,95.99,54.01,0.054
REC0327,2024-11-22,Wardha_Field_1,Sugarcane,Zero Tillage,46.58,35.9,,5.74,33.62,499.75,119.9,28.08,121.92,0.1219
REC0409,2025-02-12,Amravati_Field_2,Maize,Conventional Tillage,36.2,31.23,55.16,5.66,62.17,364.0,111.1,83.29,66.71,0.0667
REC0231,2024-08-18,Bhandara_Field_4,Cotton,Zero Tillage,27.7,28.98,51.64,6.34,39.73,498.47,103.28,21.56,128.44,0.1284
REC0466,2025-04-10,Bhandara_Field_4,,Conventional Tillage,32.79,35.2,68.83,6.56,63.31,379.29,,66.94,83.06,0.0831
REC0352,2024-12-17,Bhandara_Field_4,Cotton,Conventional Tillage,49.75,25.22,32.97,7.74,59.26,466.67,106.36,5.54,144.46,0.1445
REC0480,2025-04-24,Nagpur_Farm_B,Cotton,Conventional Tillage,46.2,31.8,,6.78,60.39,415.98,175.45,60.85,89.15,0.0892
REC0151,2024-05-30,Wardha_Field_1,Maize,Agroforestry,,37.24,,6.91,47.36,327.38,153.68,17.73,132.27,0.1323
REC0497,2025-05-11,Bhandara_Field_4,,Organic Farming,24.63,36.99,90.92,6.48,,420.62,152.62,34.28,115.72,0.1157
REC0164,2024-06-12,Nagpur_Farm_A,Wheat,Conventional Tillage,26.79,25.28,,6.07,67.1,324.13,92.22,65.07,84.93,0.0849
REC0168,2024-06-16,Nagpur_Farm_A,Maize,Agroforestry,53.97,35.52,68.46,6.15,31.14,301.4,126.32,4.1,145.9,0.1459
REC0273,2024-09-29,Nagpur_Farm_B,Wheat,No-Till,46.63,31.16,,6.06,39.86,385.86,155.26,20.5,129.5,0.1295
REC0207,2024-07-25,Akola_Farm_D,Soybean,Organic Farming,40.15,21.6,,6.97,72.26,411.59,89.09,46.78,103.22,0.1032
REC0189,2024-07-07,Nagpur_Farm_B,Cotton,Zero Tillage,26.53,31.55,,6.7,43.56,460.54,155.72,48.64,101.36,0.1014
REC0146,2024-05-25,Nagpur_Farm_B,Maize,Agroforestry,42.82,26.64,60.23,6.8,72.35,337.22,138.8,22.76,127.24,0.1272
REC0301,2024-10-27,Amravati_Field_2,,Organic Farming,26.71,,49.98,7.83,65.78,414.71,133.54,44.31,105.69,0.1057
REC0139,2024-05-18,Nagpur_Farm_A,Cotton,Zero Tillage,43.14,21.55,68.96,7.94,31.41,317.4,138.94,16.85,133.15,0.1332
REC0437,2025-03-12,Amravati_Field_2,Wheat,Organic Farming,,22.89,56.27,6.68,48.03,351.68,142.95,27.36,122.64,0.1226
REC0379,2025-01-13,Chandrapur_Farm_C,,Organic Farming,56.9,27.92,50.92,5.32,43.8,423.38,140.24,24.93,125.07,0.1251
REC0398,2025-02-01,Wardha_Field_1,Rice,Zero Tillage,48.54,28.73,45.43,7.62,,537.98,179.56,19.94,130.06,0.1301
REC0445,2025-03-20,Nagpur_Farm_B,Rice,No-Till,21.96,37.23,66.0,6.94,42.46,425.92,147.82,25.36,124.64,0.1246
REC0332,2024-11-27,Bhandara_Field_4,Sugarcane,Zero Tillage,,23.41,78.28,6.66,48.93,326.04,58.17,45.59,104.41,0.1044
REC0347,2024-12-12,Akola_Farm_D,Maize,Conventional Tillage,20.52,29.45,21.69,7.39,42.82,352.89,108.62,82.8,67.2,0.0672
REC0413,2025-02-16,Wardha_Field_1,Maize,No-Till,19.66,29.25,66.84,6.95,33.16,341.52,199.66,36.27,113.73,0.1137
REC0176,2024-06-24,Chandrapur_Farm_C,Wheat,Organic Farming,43.27,24.11,55.79,,81.34,242.99,89.9,37.74,112.26,0.1123
REC0485,2025-04-29,Akola_Farm_D,Sugarcane,Organic Farming,,27.98,63.37,7.17,41.76,267.61,79.58,30.6,119.4,0.1194
REC0133,2024-05-12,Nagpur_Farm_A,Soybean,Organic Farming,24.38,27.21,84.21,6.05,60.09,415.78,50.75,41.72,108.28,0.1083
REC0230,2024-08-17,Nagpur_Farm_A,Maize,Zero Tillage,41.8,24.11,93.16,7.79,,361.18,118.44,57.96,92.04,0.092
REC0307,2024-11-02,Chandrapur_Farm_C,Rice,Organic Farming,47.78,29.11,60.42,6.69,59.1,393.55,141.28,35.5,114.5,0.1145
REC0484,2025-04-28,Wardha_Field_1,Cotton,No-Till,37.03,27.76,54.01,7.1,38.5,,117.43,25.21,124.79,0.1248
REC0325,2024-11-20,Wardha_Field_1,Rice,Conventional Tillage,24.94,25.77,60.97,6.62,49.92,,164.16,53.09,96.91,0.0969
REC0229,2024-08-16,Amravati_Field_2,Wheat,Conventional Tillage,27.85,25.3,74.46,6.76,22.0,340.6,151.17,48.21,101.79,0.1018
REC0101,2024-04-10,Bhandara_Field_4,Sugarcane,Conventional Tillage,,31.78,74.97,6.37,55.65,249.88,91.72,52.49,97.51,0.0975
REC0291,2024-10-17,Yavatmal_Field_3,Rice,Organic Farming,32.92,30.15,65.83,5.19,,447.6,176.74,32.93,117.07,0.1171
REC0443,2025-03-18,Chandrapur_Farm_C,Wheat,Zero Tillage,14.33,31.25,62.72,6.69,30.62,451.24,125.64,39.68,110.32,0.1103
REC0054,2024-02-23,Yavatmal_Field_3,Rice,No-Till,41.12,29.27,63.91,5.92,45.44,431.17,88.65,22.56,127.44,0.1274
REC0228,2024-08-15,Nagpur_Farm_B,Sugarcane,Agroforestry,24.22,29.74,57.79,7.07,40.99,507.32,169.98,15.98,134.02,0.134
REC0180,2024-06-28,Nagpur_Farm_A,,Conventional Tillage,62.2,34.36,43.45,6.2,50.1,378.92,,28.83,121.17,0.1212
REC0480_R,2025-04-24,Nagpur_Farm_B,Cotton,Conventional Tillage,46.2,31.8,,6.78,60.39,415.98,175.45,60.85,89.15,0.0892
REC0155,2024-06-03,Nagpur_Farm_B,Soybean,Zero Tillage,37.93,40.87,84.63,6.74,31.1,347.37,78.46,33.45,116.55,0.1166
REC0252,2024-09-08,Nagpur_Farm_A,Maize,No-Till,44.18,21.24,72.5,6.97,72.67,525.84,131.93,47.6,102.4,0.1024
REC0276,2024-10-02,Nagpur_Farm_A,Soybean,Conventional Tillage,39.62,20.15,62.13,5.58,33.71,377.21,174.22,78.42,71.58,0.0716
REC0159,2024-06-07,Chandrapur_Farm_C,Rice,Zero Tillage,23.09,28.99,74.73,5.8,69.22,,173.15,40.28,109.72,0.1097
REC0272,2024-09-28,Chandrapur_Farm_C,Wheat,No-Till,20.64,25.19,69.14,7.69,42.69,340.27,85.08,25.07,124.93,0.1249
REC0045,2024-02-14,Wardha_Field_1,Wheat,Organic Farming,20.21,15.64,57.41,,37.66,594.14,,28.78,121.22,0.1212
REC0102,2024-04-11,Wardha_Field_1,Cotton,Zero Tillage,30.79,,16.56,7.46,36.47,449.58,154.22,28.91,121.09,0.1211
REC0114,2024-04-23,Nagpur_Farm_A,Cotton,Organic Farming,59.63,22.37,67.44,6.45,,399.48,71.62,4.83,145.17,0.1452
REC0350,2024-12-15,Nagpur_Farm_A,Soybean,Conventional Tillage,32.87,25.35,56.63,6.8,,356.87,114.52,44.12,105.88,0.1059
REC0212,2024-07-30,Nagpur_Farm_A,Maize,Zero Tillage,46.36,27.52,49.61,6.42,59.07,522.59,72.88,44.54,105.46,0.1055
REC0109,2024-04-18,Yavatmal_Field_3,Maize,No-Till,37.58,19.11,50.64,6.73,45.07,471.77,138.02,39.9,110.1,0.1101
REC0170,2024-06-18,Yavatmal_Field_3,Maize,Organic Farming,27.46,33.46,72.8,6.88,57.0,450.05,103.36,38.23,111.77,0.1118
REC0080,2024-03-20,Wardha_Field_1,Wheat,Conventional Tillage,15.12,33.72,72.75,5.93,43.25,540.69,110.06,65.89,84.11,0.0841
REC0051,2024-02-20,Akola_Farm_D,Sugarcane,No-Till,38.24,28.43,50.62,6.43,62.38,273.12,65.13,20.4,129.6,0.1296
REC0085,2024-03-25,Wardha_Field_1,Soybean,No-Till,26.92,28.91,65.73,6.8,41.74,487.72,112.57,8.64,141.36,0.1414
REC0009,2024-01-09,Yavatmal_Field_3,Maize,Conventional Tillage,30.31,28.24,75.74,6.56,59.89,291.91,,29.1,120.9,0.1209
REC0033,2024-02-02,Wardha_Field_1,Maize,No-Till,34.87,27.67,65.99,6.73,57.15,444.44,138.14,26.07,123.93,0.1239
REC0100,2024-04-09,Akola_Farm_D,Rice,No-Till,32.65,29.89,,5.99,62.27,360.65,143.19,60.34,89.66,0.0897
REC0478,2025-04-22,Yavatmal_Field_3,Maize,No-Till,38.11,15.88,66.29,7.16,71.8,332.29,,42.12,107.88,0.1079
REC0452,2025-03-27,Nagpur_Farm_A,Soybean,Agroforestry,44.55,29.76,85.53,7.38,37.52,462.19,69.79,18.93,131.07,0.1311
REC0223,2024-08-10,Akola_Farm_D,Maize,Conventional Tillage,41.86,21.26,69.51,7.02,61.16,315.29,174.82,82.68,67.32,0.0673
REC0029,2024-01-29,Amravati_Field_2,,No-Till,28.99,29.3,,6.16,53.14,564.52,99.61,49.65,100.35,0.1004
REC0288,2024-10-14,Chandrapur_Farm_C,Maize,Conventional Tillage,40.88,30.3,67.62,5.97,46.23,296.31,111.53,26.79,123.21,0.1232
REC0408,2025-02-11,Wardha_Field_1,Rice,Zero Tillage,33.58,31.73,82.52,5.71,62.45,309.59,125.05,27.18,122.82,0.1228
REC0056,2024-02-25,Amravati_Field_2,Rice,Zero Tillage,44.31,25.94,49.93,6.76,,442.77,85.73,21.3,128.7,0.1287
REC0157,2024-06-05,Nagpur_Farm_A,Sugarcane,Organic Farming,,,49.68,6.62,44.37,312.65,70.5,27.46,122.54,0.1225
REC0429,2025-03-04,Bhandara_Field_4,Rice,Zero Tillage,45.58,35.83,56.68,7.27,66.87,526.25,137.77,41.31,108.69,0.1087
REC0451,2025-03-26,Akola_Farm_D,Soybean,Agroforestry,34.37,26.79,64.63,,36.26,496.48,100.89,28.41,121.59,0.1216
REC0311,2024-11-06,Nagpur_Farm_B,Maize,Conventional Tillage,32.82,27.07,59.62,6.16,45.19,390.66,72.73,26.94,123.06,0.1231
REC0049,2024-02-18,Chandrapur_Farm_C,Rice,Organic Farming,38.44,29.86,82.15,7.04,45.08,481.71,137.02,21.51,128.49,0.1285
REC0454,2025-03-29,Bhandara_Field_4,Maize,Conventional Tillage,40.04,35.22,99.03,6.04,39.26,521.68,97.58,48.88,101.12,0.1011
REC0496,2025-05-10,Nagpur_Farm_B,Rice,Organic Farming,,26.59,90.09,7.25,62.2,406.2,,39.42,110.58,0.1106
REC0034,2024-02-03,Amravati_Field_2,Cotton,Zero Tillage,24.42,21.94,69.71,6.4,57.58,,80.71,28.68,121.32,0.1213
REC0036,2024-02-05,Amravati_Field_2,Wheat,Agroforestry,22.79,28.24,83.61,5.38,,376.39,,24.68,125.32,0.1253
REC0064,2024-03-04,Akola_Farm_D,Maize,Organic Farming,23.04,,33.9,7.12,48.45,420.43,98.83,24.64,125.36,0.1254
REC0439,2025-03-14,Nagpur_Farm_A,Wheat,Zero Tillage,17.97,29.22,67.36,7.26,43.45,268.84,68.47,35.79,114.21,0.1142
REC0323,2024-11-18,Wardha_Field_1,Rice,Zero Tillage,26.82,39.49,58.94,6.34,56.87,,58.04,31.99,118.01,0.118
REC0402,2025-02-05,Yavatmal_Field_3,Maize,Organic Farming,29.01,26.03,68.05,6.27,52.65,366.06,142.79,44.17,105.83,0.1058
REC0235,2024-08-22,Amravati_Field_2,Rice,Organic Farming,56.44,33.15,47.94,7.06,31.83,558.96,68.78,5.23,144.77,0.1448
REC0300_R,2024-10-26,Amravati_Field_2,Rice,Conventional Tillage,41.3,28.15,64.83,6.51,27.45,424.09,165.49,23.24,126.76,0.1268
REC0046,2024-02-15,Bhandara_Field_4,Maize,No-Till,27.8,24.02,73.25,6.83,66.82,434.64,38.0,21.76,128.24,0.1282
REC0304,2024-10-30,Chandrapur_Farm_C,Rice,Organic Farming,41.1,25.69,48.66,5.44,53.75,319.68,78.97,24.19,125.81,0.1258
REC0178,2024-06-26,Akola_Farm_D,Wheat,Organic Farming,49.54,36.76,58.52,7.56,52.77,274.82,99.94,27.51,122.49,0.1225
REC0220,2024-08-07,Akola_Farm_D,Sugarcane,No-Till,35.82,27.72,92.18,6.2,46.29,409.88,148.86,12.97,137.03,0.137
REC0421,2025-02-24,Bhandara_Field_4,,Conventional Tillage,55.61,33.37,68.07,5.11,65.71,342.49,,43.47,106.53,0.1065
REC0297,2024-10-23,Nagpur_Farm_A,Soybean,Conventional Tillage,44.0,27.8,73.79,6.28,56.28,445.85,187.06,47.72,102.28,0.1023
REC0022,2024-01-22,Bhandara_Field_4,Wheat,No-Till,32.74,30.72,51.39,6.91,54.16,638.82,101.47,40.08,109.92,0.1099
REC0249,2024-09-05,Nagpur_Farm_B,Wheat,Agroforestry,52.65,24.94,63.51,6.63,47.16,430.91,129.16,13.35,136.65,0.1366
REC0326,2024-11-21,Amravati_Field_2,Rice,Organic Farming,22.86,35.27,30.37,6.81,,536.33,139.01,38.92,111.08,0.1111
REC0310,2024-11-05,Amravati_Field_2,Sugarcane,Zero Tillage,32.98,23.53,67.12,7.13,63.31,,119.99,38.11,111.89,0.1119
REC0200,2024-07-18,Chandrapur_Farm_C,Wheat,Organic Farming,23.57,27.08,80.46,6.63,57.32,506.31,137.49,24.69,125.31,0.1253
REC0138,2024-05-17,Wardha_Field_1,,Conventional Tillage,31.78,28.37,,6.8,73.24,475.3,79.15,90.12,59.88,0.0599
REC0025,2024-01-25,Nagpur_Farm_B,Maize,Organic Farming,29.56,24.18,,6.24,4.71,473.74,45.21,9.63,140.37,0.1404
REC0185,2024-07-03,Nagpur_Farm_A,Sugarcane,Zero Tillage,32.77,21.89,45.16,5.67,,426.8,88.79,7.63,142.37,0.1424
REC0206,2024-07-24,Wardha_Field_1,Sugarcane,Conventional Tillage,25.62,31.03,60.61,,57.09,483.61,92.92,95.99,54.01,0.054
REC0135,2024-05-14,Nagpur_Farm_B,Cotton,Zero Tillage,25.81,22.94,56.34,6.27,44.69,536.0,121.65,41.18,108.82,0.1088
REC0300,2024-10-26,Amravati_Field_2,Rice,Conventional Tillage,41.3,28.15,64.83,6.51,27.45,424.09,165.49,23.24,126.76,0.1268
REC0117,2024-04-26,Nagpur_Farm_B,Maize,No-Till,34.65,28.55,96.05,6.71,46.57,341.27,112.23,20.47,129.53,0.1295
REC0213,2024-07-31,Amravati_Field_2,Maize,No-Till,44.54,25.28,49.22,4.98,63.23,439.99,186.69,24.07,125.93,0.1259
REC0499,2025-05-13,Bhandara_Field_4,Sugarcane,Conventional Tillage,26.24,25.14,75.36,6.39,61.86,426.73,112.67,55.26,94.74,0.0947
REC0471,2025-04-15,Nagpur_Farm_A,Soybean,No-Till,32.25,28.64,77.95,6.92,66.09,247.02,,28.94,121.06,0.1211
REC0365,2024-12-30,Akola_Farm_D,Rice,Zero Tillage,41.9,24.94,77.95,7.41,40.56,432.69,91.64,7.56,142.44,0.1424
REC0232,2024-08-19,Akola_Farm_D,,Agroforestry,37.16,23.11,39.45,6.26,,534.8,38.97,27.51,122.49,0.1225
REC0218,2024-08-05,Chandrapur_Farm_C,Sugarcane,No-Till,32.63,28.75,64.18,6.63,49.01,470.82,99.02,37.47,112.53,0.1125
REC0057,2024-02-26,Bhandara_Field_4,Sugarcane,Organic Farming,26.61,25.56,59.62,,42.86,189.14,97.78,31.51,118.49,0.1185
REC0218,2024-08-05,Chandrapur_Farm_C,Sugarcane,No-Till,32.63,28.75,64.18,6.63,49.01,470.82,99.02,37.47,112.53,0.1125
REC0435,2025-03-10,Yavatmal_Field_3,Maize,Conventional Tillage,50.02,30.2,57.49,8.35,53.38,470.08,210.9,42.19,107.81,0.1078
REC0407,2025-02-10,Bhandara_Field_4,Soybean,Zero Tillage,24.32,21.2,38.67,5.4,,366.7,147.28,30.19,119.81,0.1198
REC0405,2025-02-08,Yavatmal_Field_3,Soybean,Zero Tillage,30.5,28.96,74.94,6.42,75.1,278.63,137.44,54.67,95.33,0.0953
REC0341,2024-12-06,Akola_Farm_D,Soybean,Agroforestry,26.78,27.75,62.41,6.41,60.48,423.65,148.24,21.05,128.95,0.1289
REC0182,2024-06-30,Yavatmal_Field_3,Sugarcane,Agroforestry,26.43,22.35,80.88,6.48,44.64,375.84,140.89,17.98,132.02,0.132
REC0098,2024-04-07,Bhandara_Field_4,Maize,Zero Tillage,37.61,23.11,30.03,7.94,33.92,416.9,143.34,37.27,112.73,0.1127
REC0115,2024-04-24,Akola_Farm_D,Wheat,Conventional Tillage,33.08,40.23,62.26,6.37,61.11,447.9,135.56,75.7,74.3,0.0743
REC0279,2024-10-05,Nagpur_Farm_B,Soybean,Organic Farming,35.7,27.63,62.88,6.2,59.99,395.06,123.18,34.37,115.63,0.1156
REC0119,2024-04-28,Bhandara_Field_4,Wheat,No-Till,46.43,30.41,63.02,6.2,11.56,436.58,161.95,1.93,148.07,0.1481
REC0416,2025-02-19,Chandrapur_Farm_C,Rice,No-Till,27.52,29.4,73.92,,,547.89,114.12,32.02,117.98,0.118
REC0171,2024-06-19,Wardha_Field_1,Maize,Zero Tillage,26.1,34.23,71.38,6.33,64.81,344.26,82.17,55.08,94.92,0.0949
REC0474,2025-04-18,Amravati_Field_2,Maize,Organic Farming,48.67,24.74,60.22,6.64,29.28,558.98,77.58,21.08,128.92,0.1289
REC0055,2024-02-24,Bhandara_Field_4,Sugarcane,Zero Tillage,45.31,29.69,51.75,6.34,29.81,330.54,189.4,18.61,131.39,0.1314
REC0177,2024-06-25,Wardha_Field_1,Cotton,Agroforestry,35.13,22.45,34.61,7.35,25.89,427.97,61.33,12.34,137.66,0.1377
REC0328,2024-11-23,Yavatmal_Field_3,Wheat,Organic Farming,42.92,25.39,57.84,7.49,,395.04,96.43,1.37,148.63,0.1486
REC0195,2024-07-13,Nagpur_Farm_B,Maize,Zero Tillage,,30.97,36.11,6.59,52.85,426.71,58.6,45.86,104.14,0.1041
REC0199,2024-07-17,Yavatmal_Field_3,Soybean,Conventional Tillage,35.58,32.62,63.36,6.86,40.38,449.77,105.11,36.56,113.44,0.1134
REC0437_R,2025-03-12,Amravati_Field_2,Wheat,Organic Farming,,22.89,56.27,6.68,48.03,351.68,142.95,27.36,122.64,0.1226
REC0353,2024-12-18,Akola_Farm_D,Soybean,Zero Tillage,43.58,,68.12,5.66,60.25,311.61,137.13,35.04,114.96,0.115
REC0183,2024-07-01,Wardha_Field_1,Sugarcane,Organic Farming,24.29,25.38,73.77,5.87,47.29,373.64,75.85,30.2,119.8,0.1198
REC0449,2025-03-24,Nagpur_Farm_A,Soybean,No-Till,29.86,27.77,,7.29,38.24,,,25.65,124.35,0.1243
REC0355,2024-12-20,Bhandara_Field_4,Soybean,Conventional Tillage,34.81,35.1,51.35,7.2,68.18,497.44,96.25,69.62,80.38,0.0804
REC0104,2024-04-13,Akola_Farm_D,,Organic Farming,26.98,34.78,57.91,5.94,66.88,304.83,162.82,38.01,111.99,0.112
REC0221,2024-08-08,Akola_Farm_D,Soybean,Organic Farming,58.15,29.54,42.19,6.86,44.62,556.33,77.99,23.6,126.4,0.1264
REC0131,2024-05-10,Nagpur_Farm_A,Rice,Agroforestry,19.49,19.54,64.82,6.84,56.58,423.73,116.43,17.0,133.0,0.133
REC0354,2024-12-19,Yavatmal_Field_3,Cotton,No-Till,33.4,33.95,71.39,7.14,29.51,417.64,123.09,19.14,130.86,0.1309
REC0477,2025-04-21,Nagpur_Farm_B,Cotton,Organic Farming,40.77,25.74,58.19,7.29,46.54,501.1,159.11,26.36,123.64,0.1236
REC0339,2024-12-04,Akola_Farm_D,Wheat,No-Till,39.13,32.92,54.18,6.48,50.11,577.5,140.11,22.67,127.33,0.1273
REC0473,2025-04-17,Bhandara_Field_4,Maize,Agroforestry,19.85,32.2,57.99,6.96,38.21,290.53,122.09,6.79,143.21,0.1432
REC0061,2024-03-01,Yavatmal_Field_3,Rice,Conventional Tillage,30.21,29.45,71.58,6.49,62.76,318.89,132.7,59.01,90.99,0.091
REC0095,2024-04-04,Chandrapur_Farm_C,Rice,Organic Farming,31.08,33.19,70.99,4.85,65.59,467.87,,37.78,112.22,0.1122
REC0194,2024-07-12,Nagpur_Farm_B,Sugarcane,Agroforestry,22.54,31.08,64.8,5.56,29.55,389.24,95.29,16.4,133.6,0.1336
REC0141,2024-05-20,Yavatmal_Field_3,Rice,Zero Tillage,37.27,26.32,,6.52,52.47,544.74,153.87,37.03,112.97,0.113
REC0149,2024-05-28,Akola_Farm_D,Cotton,Organic Farming,40.22,26.85,,7.33,48.45,401.25,115.57,26.1,123.9,0.1239
REC0203,2024-07-21,Bhandara_Field_4,Rice,Zero Tillage,45.83,24.48,61.83,6.94,,560.98,128.89,41.4,108.6,0.1086
REC0153,2024-06-01,Bhandara_Field_4,Maize,Organic Farming,28.2,26.66,50.42,6.64,,440.86,,22.27,127.73,0.1277
REC0378,2025-01-12,Yavatmal_Field_3,Rice,Organic Farming,36.83,29.12,75.6,6.35,30.11,346.58,81.42,26.8,123.2,0.1232
REC0468,2025-04-12,Chandrapur_Farm_C,Maize,Conventional Tillage,42.58,37.0,,6.39,50.57,354.37,125.28,61.65,88.35,0.0884
REC0338,2024-12-03,Amravati_Field_2,Rice,No-Till,31.79,23.01,55.46,6.58,50.75,530.08,,48.41,101.59,0.1016
REC0381,2025-01-15,Nagpur_Farm_A,Soybean,Organic Farming,26.6,40.63,70.17,7.18,35.54,220.94,206.6,8.32,141.68,0.1417
REC0448,2025-03-23,Chandrapur_Farm_C,Maize,Organic Farming,25.6,24.54,68.8,6.48,46.48,160.71,87.8,24.91,125.09,0.1251
REC0011,2024-01-11,Yavatmal_Field_3,Sugarcane,No-Till,30.37,29.35,79.76,5.7,25.89,438.55,116.25,12.99,137.01,0.137
REC0270,2024-09-26,Chandrapur_Farm_C,,Agroforestry,36.31,37.06,78.54,6.89,48.78,384.28,145.86,13.5,136.5,0.1365
REC0097,2024-04-06,Nagpur_Farm_B,Wheat,Conventional Tillage,,,61.18,6.93,60.06,351.46,161.67,72.33,77.67,0.0777
REC0211,2024-07-29,Yavatmal_Field_3,Soybean,Agroforestry,40.71,29.06,41.34,,31.24,334.53,167.34,8.08,141.92,0.1419
REC0241,2024-08-28,Nagpur_Farm_B,Rice,No-Till,27.07,18.8,54.31,6.43,51.59,433.19,120.5,41.88,108.12,0.1081
REC0058,2024-02-27,Wardha_Field_1,Wheat,No-Till,31.91,25.84,77.59,5.94,63.12,400.27,128.18,28.0,122.0,0.122
REC0302,2024-10-28,Akola_Farm_D,Maize,Zero Tillage,29.4,25.42,74.88,6.46,35.03,615.44,,15.31,134.69,0.1347
REC0456,2025-03-31,Bhandara_Field_4,Soybean,Conventional Tillage,27.07,,,7.46,72.31,539.79,202.12,105.42,44.58,0.0446
REC0360,2024-12-25,Bhandara_Field_4,Sugarcane,Organic Farming,26.73,31.16,62.75,6.68,56.13,415.53,80.81,41.78,108.22,0.1082
REC0037,2024-02-06,Chandrapur_Farm_C,Wheat,Conventional Tillage,37.09,23.7,41.61,6.86,55.89,478.07,106.3,45.4,104.6,0.1046
REC0493,2025-05-07,Akola_Farm_D,Cotton,Agroforestry,35.77,26.76,51.54,7.33,42.6,405.76,139.85,11.58,138.42,0.1384
REC0021,2024-01-21,Akola_Farm_D,Maize,No-Till,49.66,19.65,67.84,7.35,50.9,414.02,168.01,24.37,125.63,0.1256
REC0483,2025-04-27,Yavatmal_Field_3,Sugarcane,Organic Farming,18.94,23.17,85.9,,79.89,458.6,105.55,37.41,112.59,0.1126
REC0333,2024-11-28,Bhandara_Field_4,Sugarcane,No-Till,35.76,22.98,56.8,7.17,27.23,525.03,183.59,27.12,122.88,0.1229
REC0076,2024-03-16,Wardha_Field_1,,Conventional Tillage,43.22,16.94,52.59,6.48,45.26,311.04,192.72,53.0,97.0,0.097
REC0201,2024-07-19,Nagpur_Farm_B,Cotton,Organic Farming,,,61.88,6.75,77.07,430.94,127.41,46.96,103.04,0.103
REC0078,2024-03-18,Akola_Farm_D,Soybean,No-Till,32.01,31.85,53.58,7.32,68.06,479.75,142.12,54.96,95.04,0.095
REC0264,2024-09-20,Chandrapur_Farm_C,Wheat,No-Till,24.76,27.52,46.19,5.38,33.93,349.47,166.91,19.46,130.54,0.1305
REC0204,2024-07-22,Nagpur_Farm_A,Cotton,Conventional Tillage,45.54,20.96,68.15,7.28,30.6,481.9,171.15,45.62,104.38,0.1044
REC0150,2024-05-29,Chandrapur_Farm_C,,No-Till,37.97,31.48,47.3,8.31,25.35,472.18,84.13,22.82,127.18,0.1272
REC0482,2025-04-26,Akola_Farm_D,Cotton,No-Till,25.44,30.13,54.41,,75.79,501.79,15.87,35.01,114.99,0.115
REC0003,2024-01-03,Wardha_Field_1,Rice,Zero Tillage,41.48,21.01,60.89,5.93,38.11,373.5,103.46,10.09,139.91,0.1399
REC0053,2024-02-22,Yavatmal_Field_3,Cotton,Zero Tillage,28.23,33.84,67.41,5.89,,549.68,108.46,33.78,116.22,0.1162
REC0263,2024-09-19,Wardha_Field_1,Wheat,Zero Tillage,2.59,40.8,68.08,6.55,68.54,471.63,83.82,53.5,96.5,0.0965
REC0254,2024-09-10,Wardha_Field_1,Wheat,Organic Farming,45.32,33.27,65.61,5.22,49.82,387.93,162.32,16.81,133.19,0.1332
REC0391,2025-01-25,Nagpur_Farm_B,Maize,Agroforestry,26.02,,66.9,6.88,22.31,411.3,56.92,7.16,142.84,0.1428
REC0260,2024-09-16,Yavatmal_Field_3,Rice,No-Till,,31.5,59.16,7.42,52.98,449.82,177.45,45.37,104.63,0.1046
REC0334,2024-11-29,Nagpur_Farm_A,Wheat,No-Till,28.23,24.16,82.36,6.7,44.64,378.08,142.96,43.79,106.21,0.1062
REC0370,2025-01-04,Nagpur_Farm_B,Rice,Organic Farming,27.27,38.05,46.73,6.21,,498.32,125.24,12.85,137.15,0.1372
REC0322,2024-11-17,Chandrapur_Farm_C,Maize,Agroforestry,40.95,35.05,,6.55,61.68,467.61,83.84,25.99,124.01,0.124
REC0184,2024-07-02,Nagpur_Farm_A,Maize,No-Till,39.82,30.45,36.44,6.73,,458.55,106.77,57.46,92.54,0.0925
REC0152,2024-05-31,Nagpur_Farm_A,Sugarcane,Organic Farming,38.46,33.63,27.7,6.73,74.92,521.54,105.23,21.73,128.27,0.1283
REC0500,2025-05-14,Chandrapur_Farm_C,Rice,Organic Farming,21.17,30.86,68.89,5.98,55.1,387.58,105.73,33.76,116.24,0.1162
REC0417,2025-02-20,Nagpur_Farm_A,Sugarcane,No-Till,50.51,31.04,60.86,5.95,58.27,385.95,153.63,47.42,102.58,0.1026
REC0303,2024-10-29,Nagpur_Farm_A,,Organic Farming,42.47,28.48,57.38,6.0,44.24,427.98,128.66,35.67,114.33,0.1143
REC0191,2024-07-09,Amravati_Field_2,Sugarcane,Conventional Tillage,30.53,26.2,61.58,6.91,26.03,318.67,,7.79,142.21,0.1422
REC0075,2024-03-15,Akola_Farm_D,Rice,Conventional Tillage,8.8,32.15,74.94,6.83,40.74,609.66,90.68,85.82,64.18,0.0642
REC0349,2024-12-14,Wardha_Field_1,Sugarcane,Zero Tillage,27.82,24.81,39.5,7.18,,351.37,147.16,41.95,108.05,0.108
REC0244,2024-08-31,Chandrapur_Farm_C,Cotton,Agroforestry,43.66,28.13,44.78,7.31,26.54,444.65,162.35,9.67,140.33,0.1403
REC0028_R,2024-01-28,Amravati_Field_2,Sugarcane,Agroforestry,38.76,28.24,61.8,7.58,68.58,,137.97,22.64,127.36,0.1274
REC0088,2024-03-28,Akola_Farm_D,Soybean,No-Till,38.29,23.75,63.58,6.24,47.78,383.76,168.76,12.44,137.56,0.1376
REC0240,2024-08-27,Akola_Farm_D,Wheat,Organic Farming,43.52,33.07,84.43,7.7,60.29,468.32,157.52,35.06,114.94,0.1149
REC0144,2024-05-23,Wardha_Field_1,Rice,Agroforestry,36.85,20.48,61.88,6.82,53.66,347.83,95.89,22.62,127.38,0.1274
REC0460,2025-04-04,Akola_Farm_D,Cotton,Agroforestry,23.02,30.24,,6.66,57.08,311.5,73.13,0.76,149.24,0.1492
REC0267,2024-09-23,Chandrapur_Farm_C,Rice,No-Till,51.32,27.83,58.33,8.02,23.32,397.31,84.87,15.26,134.74,0.1347
REC0419,2025-02-22,Akola_Farm_D,Cotton,Organic Farming,46.79,25.77,82.93,6.38,55.86,407.85,68.29,15.64,134.36,0.1344
REC0289,2024-10-15,Akola_Farm_D,Cotton,Zero Tillage,37.81,27.65,43.45,6.72,41.04,363.51,,24.13,125.87,0.1259
REC0137,2024-05-16,Yavatmal_Field_3,Maize,No-Till,27.17,32.12,77.84,5.83,51.53,415.25,158.06,26.27,123.73,0.1237
REC0167,2024-06-15,Chandrapur_Farm_C,Maize,Zero Tillage,,26.73,80.76,5.8,37.84,467.85,104.4,26.73,123.27,0.1233
REC0084,2024-03-24,Chandrapur_Farm_C,Rice,Agroforestry,29.82,39.35,91.15,6.54,15.56,497.89,75.31,4.32,145.68,0.1457
REC0487,2025-05-01,Amravati_Field_2,Cotton,Organic Farming,28.53,35.52,,7.01,44.19,390.18,181.21,24.7,125.3,0.1253
REC0422,2025-02-25,Yavatmal_Field_3,Sugarcane,Agroforestry,52.55,22.87,76.09,7.02,67.54,459.6,116.91,15.36,134.64,0.1346
REC0156,2024-06-04,Bhandara_Field_4,Maize,Zero Tillage,27.86,28.3,75.15,6.29,40.75,,54.75,16.47,133.53,0.1335
REC0357,2024-12-22,Bhandara_Field_4,Sugarcane,Zero Tillage,34.81,23.84,51.81,7.47,44.46,342.57,123.14,18.58,131.42,0.1314
REC0382,2025-01-16,Akola_Farm_D,Rice,Zero Tillage,29.01,25.35,52.68,7.63,35.64,230.34,,23.76,126.24,0.1262
REC0280,2024-10-06,Yavatmal_Field_3,,No-Till,31.15,,55.36,6.02,56.94,438.36,142.16,43.48,106.52,0.1065
REC0127,2024-05-06,Chandrapur_Farm_C,Sugarcane,No-Till,25.09,23.05,64.54,6.19,32.29,512.27,43.63,26.75,123.25,0.1232
REC0196,2024-07-14,Nagpur_Farm_A,Wheat,Organic Farming,38.85,26.45,66.61,7.86,40.07,514.51,44.8,37.16,112.84,0.1128
REC0266,2024-09-22,Nagpur_Farm_B,Rice,Conventional Tillage,22.52,24.48,38.79,5.91,67.89,465.63,197.65,108.33,41.67,0.0417
REC0250,2024-09-06,Chandrapur_Farm_C,Rice,Agroforestry,39.05,20.97,36.66,7.2,63.82,383.64,45.68,14.21,135.79,0.1358
REC0105,2024-04-14,Nagpur_Farm_B,Rice,Agroforestry,33.39,30.07,76.62,6.16,32.16,350.05,90.82,0.51,149.49,0.1495
REC0154,2024-06-02,Wardha_Field_1,Cotton,No-Till,37.32,22.47,40.15,6.25,,482.45,105.01,10.0,140.0,0.14
REC0283,2024-10-09,Akola_Farm_D,Cotton,Agroforestry,50.86,,70.62,5.45,67.91,303.74,33.9,20.38,129.62,0.1296
REC0392,2025-01-26,Amravati_Field_2,Maize,No-Till,39.92,30.54,49.83,6.5,36.06,229.55,87.89,7.03,142.97,0.143
REC0227,2024-08-14,Nagpur_Farm_A,Maize,No-Till,35.64,28.09,,6.12,71.29,480.92,86.13,36.87,113.13,0.1131
REC0368,2025-01-02,Akola_Farm_D,Maize,Organic Farming,35.13,,46.0,7.29,24.39,329.07,127.11,20.55,129.45,0.1294
REC0026,2024-01-26,Amravati_Field_2,Rice,No-Till,36.11,18.98,66.54,7.26,52.76,438.62,104.46,27.78,122.22,0.1222
REC0197,2024-07-15,Chandrapur_Farm_C,,Zero Tillage,26.16,29.63,59.71,5.8,56.39,486.54,148.51,51.99,98.01,0.098
REC0065,2024-03-05,Akola_Farm_D,Maize,Organic Farming,43.13,34.01,54.56,7.02,53.98,328.37,59.42,29.38,120.62,0.1206
REC0016,2024-01-16,Nagpur_Farm_A,Sugarcane,Conventional Tillage,29.38,31.78,62.97,6.41,47.09,426.23,161.54,31.34,118.66,0.1187
REC0467,2025-04-11,Chandrapur_Farm_C,Soybean,Zero Tillage,41.14,24.62,85.05,6.36,38.55,428.2,103.53,12.54,137.46,0.1375
REC0298,2024-10-24,Akola_Farm_D,Wheat,No-Till,38.07,31.41,55.65,5.94,71.02,257.13,82.18,39.69,110.31,0.1103
REC0372,2025-01-06,Amravati_Field_2,Sugarcane,Conventional Tillage,39.98,24.01,85.68,6.35,41.78,436.67,72.19,20.59,129.41,0.1294
REC0110,2024-04-19,Wardha_Field_1,Wheat,Zero Tillage,34.26,35.48,88.71,6.32,59.05,501.99,45.21,45.41,104.59,0.1046
REC0337,2024-12-02,Nagpur_Farm_A,Sugarcane,Zero Tillage,26.75,35.75,50.8,5.7,57.51,552.33,65.37,59.75,90.25,0.0902
REC0309,2024-11-04,Akola_Farm_D,Cotton,Zero Tillage,40.47,34.28,76.29,5.39,58.02,473.23,190.45,32.03,117.97,0.118
REC0027,2024-01-27,Akola_Farm_D,Maize,Zero Tillage,23.49,19.86,60.57,7.82,77.01,433.61,127.62,37.01,112.99,0.113
REC0077,2024-03-17,Bhandara_Field_4,Soybean,Agroforestry,35.87,29.18,36.65,5.37,59.24,517.13,151.01,34.13,115.87,0.1159
REC0044,2024-02-13,Akola_Farm_D,Sugarcane,Zero Tillage,31.99,35.21,59.42,6.18,52.29,375.32,128.97,29.83,120.17,0.1202
REC0281,2024-10-07,Bhandara_Field_4,Rice,Conventional Tillage,36.14,28.89,62.0,5.52,24.11,469.96,85.53,28.21,121.79,0.1218
REC0453,2025-03-28,Wardha_Field_1,Cotton,Conventional Tillage,25.14,21.74,63.61,5.87,48.99,437.33,114.89,76.5,73.5,0.0735
REC0004,2024-01-04,Wardha_Field_1,Sugarcane,Agroforestry,50.23,,50.3,6.5,45.38,351.02,195.51,20.18,129.82,0.1298
REC0156,2024-06-04,Bhandara_Field_4,Maize,Zero Tillage,27.86,28.3,75.15,6.29,40.75,,54.75,16.47,133.53,0.1335
REC0050,2024-02-19,Yavatmal_Field_3,Sugarcane,Zero Tillage,17.37,24.98,80.7,7.36,52.33,567.08,167.89,56.56,93.44,0.0934
REC0406,2025-02-09,Wardha_Field_1,Maize,Agroforestry,41.23,28.23,48.65,6.81,,460.05,18.71,11.95,138.05,0.138
REC0455,2025-03-30,Chandrapur_Farm_C,Cotton,Organic Farming,29.7,27.59,68.48,6.08,60.23,324.09,2.82,36.77,113.23,0.1132
REC0388,2025-01-22,Akola_Farm_D,Soybean,Conventional Tillage,53.76,26.2,83.42,6.8,36.14,511.07,123.13,49.72,100.28,0.1003
REC0072,2024-03-12,Nagpur_Farm_A,Rice,No-Till,50.38,36.38,67.16,5.62,68.54,284.11,188.1,42.11,107.89,0.1079
REC0031,2024-01-31,Wardha_Field_1,Sugarcane,Conventional Tillage,28.98,31.19,56.14,6.6,62.11,437.89,20.47,47.36,102.64,0.1026
REC0457,2025-04-01,Bhandara_Field_4,Wheat,Organic Farming,33.93,29.71,71.3,5.01,41.3,474.58,163.55,25.37,124.63,0.1246
REC0122,2024-05-01,Nagpur_Farm_A,Maize,Zero Tillage,25.91,30.36,77.81,5.49,61.77,463.12,95.51,27.17,122.83,0.1228
REC0417,2025-02-20,Nagpur_Farm_A,Sugarcane,No-Till,50.51,31.04,60.86,5.95,58.27,385.95,153.63,47.42,102.58,0.1026
REC0432,2025-03-07,Nagpur_Farm_A,Soybean,Organic Farming,14.61,37.41,72.24,6.85,34.71,363.56,173.85,36.37,113.63,0.1136
REC0116,2024-04-25,Chandrapur_Farm_C,,Agroforestry,38.02,28.65,65.47,8.74,42.3,453.47,130.06,16.55,133.45,0.1334
REC0439,2025-03-14,Nagpur_Farm_A,Wheat,Zero Tillage,17.97,29.22,67.36,7.26,43.45,268.84,68.47,35.79,114.21,0.1142
REC0217,2024-08-04,Amravati_Field_2,,Zero Tillage,27.27,28.57,49.9,6.73,43.45,450.04,53.74,20.52,129.48,0.1295
REC0265,2024-09-21,Chandrapur_Farm_C,Cotton,No-Till,32.47,33.75,62.54,6.33,60.2,420.25,146.62,40.34,109.66,0.1097
REC0210,2024-07-28,Nagpur_Farm_B,Sugarcane,Organic Farming,73.53,36.48,86.24,5.82,49.99,525.07,138.05,24.57,125.43,0.1254
REC0317,2024-11-12,Nagpur_Farm_B,Sugarcane,No-Till,,29.34,44.02,4.99,62.58,438.57,117.84,36.61,113.39,0.1134
REC0385,2025-01-19,Bhandara_Field_4,Rice,Conventional Tillage,27.41,31.41,71.13,6.48,,180.2,164.24,51.11,98.89,0.0989
REC0002,2024-01-02,Akola_Farm_D,Soybean,No-Till,33.62,37.55,73.87,6.11,47.83,477.45,85.58,9.44,140.56,0.1406
REC0314,2024-11-09,Wardha_Field_1,Maize,Zero Tillage,43.14,28.98,68.37,7.13,57.47,374.3,79.41,42.3,107.7,0.1077
REC0023,2024-01-23,Yavatmal_Field_3,Rice,Zero Tillage,35.68,24.69,59.63,6.34,70.41,429.4,103.54,62.06,87.94,0.0879
REC0318,2024-11-13,Wardha_Field_1,Rice,Organic Farming,31.9,32.45,55.42,6.0,40.74,429.5,80.71,29.11,120.89,0.1209
REC0320,2024-11-15,Amravati_Field_2,Rice,Organic Farming,33.7,33.33,57.2,5.81,,245.79,212.8,29.54,120.46,0.1205
REC0008,2024-01-08,Nagpur_Farm_B,Soybean,No-Till,42.67,23.68,69.53,7.17,,499.57,58.11,10.37,139.63,0.1396
REC0394,2025-01-28,Wardha_Field_1,Soybean,Agroforestry,53.31,33.85,62.05,6.42,40.25,417.23,116.97,6.88,143.12,0.1431
REC0490,2025-05-04,Akola_Farm_D,Sugarcane,Agroforestry,43.82,28.13,78.94,6.8,21.2,592.93,56.1,9.78,140.22,0.1402
REC0142,2024-05-21,Yavatmal_Field_3,Maize,Agroforestry,48.07,36.35,80.64,7.49,50.76,382.56,34.91,11.53,138.47,0.1385
REC0087,2024-03-27,Akola_Farm_D,Rice,Organic Farming,44.15,25.7,75.45,6.62,42.38,294.46,117.74,16.34,133.66,0.1337
REC0479,2025-04-23,Yavatmal_Field_3,Soybean,Agroforestry,65.79,20.08,46.69,5.96,29.92,,166.14,17.32,132.68,0.1327
REC0033,2024-02-02,Wardha_Field_1,Maize,No-Till,34.87,27.67,65.99,6.73,57.15,444.44,138.14,26.07,123.93,0.1239
REC0216,2024-08-03,Bhandara_Field_4,Wheat,No-Till,42.59,33.52,78.72,6.44,53.99,232.0,191.27,32.88,117.12,0.1171
REC0399,2025-02-02,Nagpur_Farm_B,Rice,Zero Tillage,33.85,34.03,,6.89,53.11,377.0,210.86,46.18,103.82,0.1038
REC0491,2025-05-05,Wardha_Field_1,Sugarcane,Conventional Tillage,34.92,29.04,51.72,7.06,49.79,521.31,106.92,31.71,118.29,0.1183
REC0253,2024-09-09,Bhandara_Field_4,Sugarcane,Conventional Tillage,56.22,23.12,30.09,6.04,28.23,362.74,145.55,30.53,119.47,0.1195
REC0469,2025-04-13,Akola_Farm_D,,Zero Tillage,29.69,27.8,42.06,6.36,60.25,254.35,101.82,40.06,109.94,0.1099
REC0358,2024-12-23,Nagpur_Farm_B,Cotton,Agroforestry,32.11,30.36,65.88,6.32,52.15,381.56,34.85,21.46,128.54,0.1285
REC0255,2024-09-11,Bhandara_Field_4,Cotton,Zero Tillage,19.81,23.25,78.42,6.86,31.21,394.08,134.7,21.21,128.79,0.1288
REC0277,2024-10-03,Amravati_Field_2,Sugarcane,Agroforestry,36.99,24.36,94.79,6.07,60.19,379.51,166.81,10.31,139.69,0.1397
REC0179,2024-06-27,Wardha_Field_1,Sugarcane,Zero Tillage,32.35,32.68,45.17,7.2,80.35,407.63,159.01,31.85,118.15,0.1182
REC0282,2024-10-08,Amravati_Field_2,Wheat,Agroforestry,41.62,21.32,57.71,6.44,39.84,348.02,121.2,12.35,137.65,0.1376
REC0391,2025-01-25,Nagpur_Farm_B,Maize,Agroforestry,26.02,,66.9,6.88,22.31,411.3,56.92,7.16,142.84,0.1428
REC0222,2024-08-09,Amravati_Field_2,Maize,Zero Tillage,16.33,19.45,64.65,6.32,40.29,359.54,150.3,26.5,123.5,0.1235
REC0130,2024-05-09,Amravati_Field_2,Maize,No-Till,29.97,33.47,64.93,7.1,60.77,361.64,103.54,22.6,127.4,0.1274
REC0145,2024-05-24,Yavatmal_Field_3,Cotton,No-Till,37.6,26.77,57.4,5.76,46.65,312.83,137.29,19.95,130.05,0.13
REC0073,2024-03-13,Nagpur_Farm_A,Wheat,Zero Tillage,34.64,29.63,61.15,6.71,51.33,376.03,128.09,10.46,139.54,0.1395
REC0236,2024-08-23,Chandrapur_Farm_C,Wheat,Organic Farming,,30.36,84.59,,60.96,357.52,127.58,17.43,132.57,0.1326
REC0038,2024-02-07,Yavatmal_Field_3,Rice,Organic Farming,15.4,26.08,38.03,6.13,42.37,473.48,126.82,35.3,114.7,0.1147
